ATPex_fap,ATPex_srb,ATPex_syn,CO2ex_gen,H2Sex_gen,H2ex_gen,H2pool_gen,NH3_syn,O2expool_gen,PHB_fap,SO4ex_gen,ac_pool,bm_fap_srb_syn,glycpool_gen,glyox_syn,hv_gen,polyglcex_gen
5.0,0.0,0.0,0.0,0.0,0.0,-2.0,0.0,-1.0,0.0,0.0,0.0,0.0,0.0,0.0,0.0,0.0
2040480.0,0.0,0.0,0.0,964008.0,0.0,-4108701.0,-112617.0,0.0,0.0,-964008.0,0.0,9000.0,-272064.0,0.0,-3286462.0,21694.0
0.0,0.0,0.0,0.0,0.0,0.0,0.0,-2252340.0,576004.0,0.0,0.0,0.0,180000.0,-6739372.0,2599732.0,-37046181.0,0.0
0.0,0.0,0.0,0.0,3603247680.0,0.0,-50552250398.0,-9054156540.0,-18849287289.0,0.0,-3603247680.0,-16640892840.0,723580000.0,0.0,0.0,0.0,0.0
60.0,1.0,0.0,0.0,2.0,0.0,0.0,0.0,0.0,0.0,-2.0,0.0,0.0,-8.0,8.0,-146.0,0.0
0.0,0.0,0.0,0.0,724943875920.0,0.0,-4586648248325.0,-448393544808.0,0.0,1764095480125.0,-724943875920.0,-4352306259818.0,35834216000.0,0.0,0.0,-12363643251100.0,0.0
0.0,0.0,0.0,117801256.0,19280160.0,0.0,0.0,-2252340.0,-4108701.0,30130474.0,-19280160.0,-2779320.0,180000.0,-120521896.0,0.0,0.0,0.0
183386.0,0.0,0.0,0.0,0.0,0.0,-97732.0,-37539.0,0.0,0.0,0.0,35203.0,3000.0,-104197.0,0.0,-563248.0,0.0
0.0,0.0,0.0,0.0,221702559840.0,0.0,0.0,-377022621162.0,1277115335260.0,346470320526.0,-221702559840.0,0.0,30130474000.0,-1385881282104.0,0.0,-11553596578709.0,0.0
19995036661.0,0.0,0.0,0.0,0.0,0.0,0.0,-1912336764.0,0.0,0.0,0.0,-3185394004.0,152828000.0,-329344340.0,0.0,-49963622068.0,0.0
0.0,24.0,0.0,176.0,33.0,0.0,0.0,0.0,0.0,44.0,-33.0,0.0,0.0,-176.0,0.0,-48.0,0.0
0.0,0.0,0.0,0.0,0.0,0.0,180.0,0.0,123.0,0.0,0.0,0.0,0.0,-66.0,0.0,-1078.0,22.0
0.0,1.0,0.0,0.0,2.0,0.0,0.0,0.0,4.0,0.0,-2.0,0.0,0.0,0.0,0.0,-32.0,0.0
0.0,2809197660.0,0.0,0.0,3745596880.0,0.0,0.0,-86995180992.0,0.0,0.0,-3745596880.0,-159890927232.0,6952384000.0,0.0,0.0,-1108522020311.0,0.0
0.0,0.0,0.0,0.0,19280160.0,0.0,0.0,-2252340.0,53431607.0,0.0,-19280160.0,25990834.0,180000.0,-30130474.0,0.0,-460322464.0,0.0
0.0,0.0,0.0,7629680.0,0.0,0.0,5390220.0,-75078.0,0.0,1976414.0,0.0,0.0,6000.0,-7905656.0,0.0,-2361081.0,0.0
60.0,0.0,0.0,0.0,15.0,0.0,0.0,0.0,30.0,0.0,-15.0,-21.0,0.0,0.0,0.0,-343.0,7.0
0.0,0.0,0.0,0.0,0.0,0.0,-5606360448.0,-13038170610.0,8055710131.0,0.0,0.0,0.0,1041970000.0,-23963226060.0,0.0,-138528557405.0,0.0
0.0,0.0,0.0,0.0,0.0,0.0,124.0,0.0,18.0,0.0,0.0,-44.0,0.0,0.0,44.0,-627.0,0.0
0.0,0.0,0.0,44.0,0.0,0.0,62.0,0.0,-13.0,0.0,0.0,-22.0,0.0,0.0,0.0,0.0,0.0
0.0,180253.0,0.0,0.0,360506.0,0.0,0.0,-1126170.0,0.0,0.0,-360506.0,-1750166.0,90000.0,-1887382.0,1567728.0,-22340124.0,0.0
0.0,0.0,0.0,267356.0,0.0,0.0,539022.0,-25026.0,0.0,0.0,0.0,-179674.0,2000.0,0.0,0.0,-966701.0,0.0
0.0,0.0,0.0,18730618.0,12836895.0,0.0,0.0,-9009360.0,0.0,0.0,-12836895.0,-38258613.0,720000.0,12334744.0,0.0,-252862252.0,0.0
0.0,45.0,0.0,164.0,60.0,0.0,0.0,0.0,0.0,0.0,-60.0,6.0,0.0,-88.0,0.0,-96.0,0.0
0.0,0.0,0.0,0.0,3006225.0,4809960.0,0.0,-97751556.0,0.0,0.0,-3006225.0,-296208843.0,7812000.0,0.0,0.0,-1903624961.0,38849489.0
0.0,0.0,0.0,0.0,8557930.0,0.0,0.0,-6006240.0,9365309.0,0.0,-8557930.0,-25505742.0,480000.0,14466702.0,0.0,-296567391.0,0.0
0.0,0.0,0.0,0.0,208711367095.0,0.0,-1455411662450.0,-753046492203.0,0.0,0.0,-208711367095.0,-1146870566663.0,60181131000.0,-750256531375.0,0.0,-8380330305900.0,171027149100.0
0.0,0.0,0.0,0.0,0.0,0.0,-736177.0,-187695.0,-220176.0,0.0,0.0,0.0,15000.0,-361790.0,16820.0,-239685.0,0.0
0.0,5750342.0,0.0,0.0,11500684.0,0.0,0.0,-9309672.0,0.0,0.0,-11500684.0,-39310220.0,744000.0,0.0,22199708.0,-316345839.0,0.0
0.0,1803735.0,0.0,0.0,2404980.0,0.0,0.0,-55858032.0,0.0,0.0,-2404980.0,-170270736.0,4464000.0,0.0,0.0,-1104258512.0,22535888.0
0.0,517631821.0,0.0,0.0,1035263642.0,0.0,-14274739952.0,-8826745278.0,0.0,0.0,-1035263642.0,-4569091874.0,705406000.0,-11653835314.0,0.0,-65474350184.0,0.0
0.0,0.0,0.0,0.0,15377930.0,0.0,24604688.0,-48875778.0,0.0,0.0,-15377930.0,-167529166.0,3906000.0,77698978.0,0.0,-1592829049.0,0.0
0.0,0.0,0.0,0.0,2039601370854355.2,0.0,-2.80307715409942e+16,-1.7488199746888828e+16,0.0,0.0,-2039601370854355.2,-9257862290893116.0,1397602473179000.0,-2.2884199387277524e+16,0.0,-1.2856952616818888e+17,0.0
0.0,0.0,0.0,1543642.0,0.0,0.0,0.0,-563085.0,-505932.0,121888.0,0.0,0.0,45000.0,-2050507.0,0.0,0.0,0.0
0.0,0.0,0.0,0.0,0.0,0.0,0.0,-50052.0,0.0,0.0,0.0,0.0,4000.0,-175364.0,83372.0,-1188051.0,0.0
0.0,0.0,0.0,0.0,4070256.0,0.0,-16935070.0,-475494.0,0.0,0.0,-4070256.0,0.0,38000.0,-1011912.0,137988.0,-1966329.0,0.0
0.0,0.0,0.0,0.0,10757930.0,0.0,-18730618.0,-15766380.0,0.0,0.0,-10757930.0,-50563282.0,1260000.0,21585802.0,0.0,-442508941.0,0.0
0.0,0.0,0.0,152.0,0.0,0.0,240.0,0.0,0.0,0.0,0.0,0.0,0.0,-88.0,12.0,-171.0,0.0
0.0,0.0,0.0,0.0,0.0,0.0,-1568915.0,-50052.0,0.0,495181.0,0.0,0.0,4000.0,-1082354.0,0.0,-1574054.0,0.0
0.0,0.0,0.0,0.0,0.0,0.0,-984002.0,-1163709.0,0.0,0.0,0.0,-1859734.0,93000.0,-1184417.0,0.0,-14787171.0,301779.0
689940.0,0.0,0.0,0.0,107112.0,0.0,-518285.0,-12513.0,0.0,0.0,-107112.0,0.0,1000.0,-91992.0,0.0,-1126902.0,22998.0
0.0,0.0,0.0,0.0,0.0,11500684.0,0.0,-1351404.0,0.0,0.0,0.0,-8117756.0,108000.0,0.0,5633972.0,-80284101.0,0.0
0.0,0.0,0.0,0.0,82671290952.0,0.0,-400023246985.0,-22607625003.0,-11635424136.0,2803180224.0,-82671290952.0,0.0,1806731000.0,-47157559986.0,0.0,0.0,0.0
217.0,0.0,0.0,0.0,20.0,0.0,32.0,0.0,0.0,0.0,-20.0,-56.0,0.0,0.0,56.0,-798.0,0.0
0.0,0.0,0.0,0.0,0.0,137988.0,0.0,-25026.0,89837.0,0.0,0.0,0.0,2000.0,-45996.0,0.0,-856021.0,0.0
0.0,183613.0,0.0,0.0,367226.0,0.0,-741172.0,-375390.0,0.0,0.0,-367226.0,-830446.0,30000.0,-382070.0,522576.0,-7446708.0,0.0
0.0,0.0,0.0,0.0,16639849200.0,0.0,-100197102164.0,-10577113770.0,-17729652657.0,0.0,-16639849200.0,-19439979420.0,845290000.0,0.0,0.0,0.0,0.0
0.0,0.0,0.0,0.0,0.0,0.0,0.0,-325338.0,615929.0,689940.0,0.0,-1379880.0,26000.0,-597948.0,0.0,-10231351.0,0.0
0.0,279.0,0.0,640.0,372.0,0.0,0.0,0.0,0.0,0.0,-372.0,-528.0,0.0,208.0,0.0,-4264.0,0.0
0.0,0.0,0.0,-610068.0,0.0,0.0,-2208531.0,-563085.0,0.0,0.0,0.0,0.0,45000.0,-1085370.0,0.0,-5806402.0,118498.0
235639500.0,0.0,0.0,0.0,15761020.0,0.0,0.0,-1201248.0,0.0,0.0,-15761020.0,-17917108.0,96000.0,-31418600.0,47127900.0,-671572575.0,0.0
45.0,0.0,0.0,0.0,0.0,0.0,0.0,0.0,15.0,6.0,0.0,0.0,0.0,-24.0,0.0,-196.0,4.0
0.0,0.0,0.0,0.0,321336.0,0.0,-1369567.0,-37539.0,-10464.0,24416.0,-321336.0,-72482.0,3000.0,-45344.0,0.0,0.0,0.0
0.0,0.0,0.0,-5846048.0,0.0,0.0,0.0,-4654836.0,0.0,0.0,0.0,-8708616.0,372000.0,-4737668.0,7814052.0,-111350241.0,0.0
0.0,0.0,0.0,-444760.0,0.0,0.0,-4386234.0,-750780.0,-1813007.0,0.0,0.0,-1157500.0,60000.0,0.0,0.0,0.0,0.0
0.0,45.0,0.0,340.0,60.0,0.0,0.0,0.0,0.0,88.0,-60.0,6.0,0.0,-352.0,0.0,-96.0,0.0
0.0,0.0,0.0,155350.0,0.0,0.0,-370586.0,-187695.0,-261288.0,0.0,0.0,-231610.0,15000.0,-191035.0,0.0,0.0,0.0
1.0,0.0,0.0,0.0,0.0,0.0,0.0,0.0,3.0,2.0,0.0,0.0,0.0,-4.0,0.0,-32.0,0.0
0.0,21503127364.0,0.0,0.0,43006254728.0,0.0,-153763751482.0,-106033985778.0,0.0,0.0,-43006254728.0,-194882890188.0,8473906000.0,0.0,0.0,-1213472070761.0,0.0
0.0,0.0,0.0,0.0,229980.0,0.0,367968.0,-175182.0,628859.0,0.0,-229980.0,-321972.0,14000.0,0.0,0.0,-5509189.0,0.0
0.0,0.0,0.0,0.0,0.0,0.0,12.0,0.0,2.0,0.0,0.0,-4.0,0.0,0.0,4.0,-61.0,0.0
483313.0,0.0,0.0,3594328.0,1285344.0,0.0,0.0,-150156.0,0.0,0.0,-1285344.0,0.0,12000.0,-2073140.0,0.0,-2964608.0,0.0
463220.0,0.0,0.0,0.0,321336.0,0.0,-1451364.0,-37539.0,0.0,34497.0,-321336.0,0.0,3000.0,-137988.0,0.0,-741152.0,0.0
10.0,0.0,0.0,0.0,0.0,0.0,-1.0,0.0,0.0,0.0,0.0,1.0,0.0,-1.0,0.0,-16.0,0.0
0.0,0.0,0.0,-32962.0,0.0,0.0,-456244.0,-187695.0,0.0,0.0,0.0,94156.0,15000.0,-422645.0,0.0,-1506496.0,0.0
483.0,0.0,0.0,0.0,20.0,0.0,0.0,0.0,0.0,0.0,-20.0,-80.0,0.0,80.0,0.0,-1640.0,0.0
0.0,0.0,0.0,0.0,9104520.0,0.0,-41294465.0,-1063605.0,0.0,1011912.0,-9104520.0,68994.0,85000.0,-4047648.0,0.0,-1103904.0,0.0
0.0,0.0,0.0,2445514.0,0.0,0.0,0.0,-1163709.0,-1953513.0,0.0,0.0,-2177154.0,93000.0,-1184417.0,0.0,0.0,0.0
0.0,0.0,0.0,0.0,0.0,0.0,601245.0,-3491127.0,0.0,0.0,0.0,-10641921.0,279000.0,0.0,0.0,-69016157.0,1408493.0
76.0,3.0,0.0,0.0,4.0,0.0,0.0,0.0,0.0,0.0,-4.0,0.0,0.0,-16.0,16.0,-228.0,0.0
0.0,0.0,0.0,565334.0,76180.0,0.0,0.0,-187695.0,-168644.0,0.0,-76180.0,-106652.0,15000.0,-520985.0,0.0,0.0,0.0
0.0,0.0,0.0,8.0,0.0,18.0,0.0,0.0,0.0,0.0,0.0,-6.0,0.0,2.0,0.0,-47.0,0.0
449185.0,22998.0,0.0,0.0,45996.0,0.0,-179674.0,-25026.0,0.0,0.0,-45996.0,-45996.0,2000.0,0.0,0.0,-787027.0,0.0
58909875.0,0.0,0.0,0.0,7880510.0,0.0,-23563950.0,-600624.0,0.0,0.0,-7880510.0,-8958554.0,48000.0,7854650.0,0.0,-161020325.0,0.0
0.0,0.0,0.0,0.0,0.0,0.0,-20985399024.0,-10577113770.0,-1683509777.0,0.0,0.0,0.0,845290000.0,-19439979420.0,0.0,-61132322225.0,0.0
0.0,0.0,0.0,72.0,0.0,248.0,0.0,0.0,0.0,0.0,0.0,-88.0,0.0,0.0,52.0,-741.0,0.0
0.0,0.0,0.0,616.0,15.0,864.0,0.0,0.0,0.0,0.0,-15.0,0.0,0.0,-308.0,0.0,-336.0,0.0
0.0,0.0,0.0,0.0,0.0,0.0,-2880002.0,-750780.0,-1538291.0,0.0,0.0,-1447160.0,60000.0,67280.0,0.0,-1379240.0,0.0
0.0,9.0,0.0,16.0,12.0,0.0,0.0,0.0,0.0,0.0,-12.0,-16.0,0.0,0.0,8.0,-130.0,0.0
0.0,0.0,0.0,0.0,4934353665144360.0,0.0,-2.3875956842737924e+16,-2031001207394511.2,0.0,251829301783488.0,-4934353665144360.0,0.0,162311292847000.0,-4236493716462281.5,0.0,-9157392951483672.0,0.0
0.0,0.0,0.0,0.0,926465.0,0.0,0.0,-750780.0,2170350.0,0.0,-926465.0,-2223491.0,60000.0,-764140.0,0.0,-26259933.0,535917.0
0.0,0.0,0.0,3662372.0,964008.0,0.0,1449939.0,-112617.0,0.0,0.0,-964008.0,0.0,9000.0,-2038168.0,0.0,-2223456.0,0.0
20.0,0.0,0.0,-8.0,0.0,0.0,-8.0,0.0,0.0,0.0,0.0,0.0,0.0,0.0,4.0,-57.0,0.0
0.0,0.0,0.0,0.0,15761020.0,0.0,0.0,-1201248.0,15709300.0,0.0,-15761020.0,-17917108.0,96000.0,0.0,15709300.0,-223857525.0,0.0
0.0,9.0,0.0,32.0,12.0,0.0,0.0,0.0,-8.0,0.0,-12.0,-16.0,0.0,0.0,0.0,-16.0,0.0
30.0,0.0,0.0,10.0,0.0,0.0,0.0,0.0,0.0,4.0,0.0,3.0,0.0,-16.0,0.0,-48.0,0.0
710783.0,0.0,0.0,0.0,0.0,0.0,0.0,-50052.0,0.0,0.0,0.0,-83372.0,4000.0,-8620.0,0.0,-1574054.0,0.0
0.0,0.0,0.0,0.0,0.0,18.0,0.0,0.0,12.0,0.0,0.0,0.0,0.0,-6.0,0.0,-107.0,2.0
0.0,0.0,0.0,0.0,27313560.0,0.0,-113692555.0,-3190815.0,0.0,997568.0,-27313560.0,-3937370.0,255000.0,-3990272.0,0.0,-1110928.0,22672.0
15.0,0.0,0.0,8.0,0.0,0.0,0.0,0.0,-3.0,2.0,0.0,0.0,0.0,-8.0,0.0,0.0,0.0
10.0,0.0,0.0,0.0,0.0,0.0,2.0,0.0,0.0,0.0,0.0,-2.0,0.0,2.0,0.0,-41.0,0.0
0.0,0.0,0.0,0.0,0.0,0.0,0.0,-3491127.0,0.0,601245.0,0.0,-12135336.0,279000.0,0.0,0.0,-73767932.0,1505468.0
44792770.0,0.0,0.0,-1103904.0,3940255.0,0.0,-17917108.0,-300312.0,0.0,0.0,-3940255.0,0.0,24000.0,0.0,0.0,-71668432.0,0.0
0.0,9.0,0.0,70.0,12.0,0.0,0.0,0.0,0.0,19.0,-12.0,0.0,0.0,-73.0,0.0,-24.0,0.0
0.0,0.0,0.0,0.0,42519929304.0,0.0,-205742041595.0,-17917076901.0,0.0,0.0,-42519929304.0,5817712068.0,1431877000.0,-38748019314.0,0.0,-93083393088.0,0.0
0.0,0.0,0.0,0.0,0.0,186.0,0.0,0.0,93.0,0.0,0.0,-66.0,0.0,0.0,0.0,-1078.0,22.0
0.0,45.0,0.0,0.0,60.0,0.0,0.0,0.0,76.0,0.0,-60.0,0.0,0.0,-88.0,88.0,-1254.0,0.0
0.0,0.0,0.0,2131958.0,4278965.0,0.0,0.0,-3003120.0,0.0,0.0,-4278965.0,-12752871.0,240000.0,0.0,6167372.0,-87885051.0,0.0
4.0,0.0,0.0,2.0,0.0,0.0,0.0,0.0,0.0,1.0,0.0,0.0,0.0,-3.0,0.0,-8.0,0.0
0.0,0.0,0.0,-4650711656.0,0.0,0.0,-11906816306.0,-4802026419.0,0.0,0.0,0.0,-3068023387.0,383763000.0,-3432402259.0,0.0,-44959704402.0,0.0
0.0,0.0,0.0,227385110.0,38560320.0,0.0,0.0,-4504680.0,0.0,60260948.0,-38560320.0,-5558640.0,360000.0,-241043792.0,0.0,-67108783.0,1369567.0
0.0,0.0,0.0,984002.0,0.0,0.0,0.0,-2327418.0,0.0,0.0,0.0,-4354308.0,186000.0,-2368834.0,0.0,-31907379.0,651171.0
15495534945.0,0.0,0.0,0.0,11855156160.0,0.0,-57363783800.0,-2248260762.0,0.0,2066071326.0,-11855156160.0,0.0,179674000.0,-8264285304.0,0.0,-27150070419.0,0.0
0.0,0.0,0.0,18.0,0.0,36.0,0.0,0.0,0.0,0.0,0.0,-12.0,0.0,0.0,0.0,-61.0,1.0
0.0,4613379.0,0.0,0.0,6151172.0,0.0,0.0,-12012480.0,0.0,0.0,-6151172.0,-44613968.0,960000.0,22535888.0,0.0,-461985704.0,0.0
0.0,0.0,0.0,0.0,0.0,0.0,-3229858.0,-750780.0,-1679579.0,0.0,0.0,-1379880.0,60000.0,0.0,0.0,0.0,0.0
0.0,0.0,0.0,0.0,0.0,0.0,-2031519.0,-563085.0,-669072.0,0.0,0.0,-295020.0,45000.0,-790350.0,0.0,-824180.0,16820.0
0.0,0.0,0.0,0.0,443405119680.0,0.0,0.0,-377022621162.0,1200814974151.0,0.0,-443405119680.0,0.0,30130474000.0,-692940641052.0,0.0,-11250444877019.0,0.0
0.0,0.0,0.0,0.0,0.0,0.0,0.0,-43497590496.0,-3745596880.0,0.0,0.0,-79945463616.0,3476192000.0,0.0,0.0,-526276297603.0,0.0
344970.0,0.0,0.0,0.0,0.0,0.0,0.0,-25026.0,20843.0,0.0,0.0,0.0,2000.0,-45996.0,0.0,-787027.0,0.0
2784947.0,0.0,0.0,-17240.0,0.0,0.0,0.0,-200208.0,0.0,0.0,0.0,-359348.0,16000.0,0.0,0.0,-6296216.0,0.0
24661453.0,0.0,0.0,0.0,1285344.0,0.0,0.0,-150156.0,0.0,0.0,-1285344.0,-185288.0,12000.0,-5296892.0,5206204.0,-74188407.0,0.0
0.0,0.0,0.0,0.0,25200569365.0,0.0,-192725430390.0,-163806644421.0,0.0,0.0,-25200569365.0,-180930830101.0,13090917000.0,-120134079065.0,0.0,-1439484975432.0,0.0
0.0,0.0,0.0,0.0,0.0,0.0,-8640006.0,-2252340.0,-4513953.0,0.0,0.0,-4341480.0,180000.0,0.0,0.0,-3296720.0,67280.0
0.0,3.0,0.0,0.0,4.0,0.0,-16.0,0.0,0.0,0.0,-4.0,0.0,0.0,0.0,0.0,0.0,0.0
126099030.0,0.0,0.0,0.0,3940255.0,0.0,0.0,-300312.0,0.0,0.0,-3940255.0,0.0,24000.0,-16813204.0,16261252.0,-303391273.0,0.0
0.0,0.0,0.0,-45996.0,107112.0,0.0,-518285.0,-12513.0,0.0,0.0,-107112.0,0.0,1000.0,0.0,0.0,0.0,0.0
0.0,0.0,0.0,0.0,0.0,0.0,0.0,-277224263700.0,0.0,0.0,0.0,-381794434056.0,22154900000.0,-207704102788.0,79980146644.0,-3440215899325.0,0.0
0.0,0.0,0.0,0.0,57840480.0,0.0,0.0,-6757020.0,160294821.0,0.0,-57840480.0,-8337960.0,540000.0,-90391422.0,0.0,-1409737546.0,28770154.0
0.0,0.0,0.0,0.0,168049623480.0,0.0,-813145110775.0,-21358477239.0,0.0,35123212542.0,-168049623480.0,0.0,1706903000.0,-109501780278.0,0.0,-54300140838.0,0.0
1389660.0,0.0,0.0,-43388.0,964008.0,0.0,-4108701.0,-112617.0,0.0,0.0,-964008.0,0.0,9000.0,-185288.0,0.0,-2223456.0,0.0
19494629.0,0.0,0.0,0.0,43100.0,68960.0,0.0,-1401456.0,0.0,0.0,-43100.0,-2575776.0,112000.0,0.0,0.0,-44073512.0,0.0
0.0,0.0,0.0,-8586308.0,0.0,0.0,-13158702.0,-2252340.0,0.0,0.0,0.0,-3472500.0,180000.0,3626014.0,0.0,-74333287.0,0.0
15.0,0.0,0.0,0.0,0.0,0.0,0.0,0.0,5.0,2.0,0.0,4.0,0.0,-8.0,0.0,-64.0,0.0
0.0,0.0,0.0,0.0,0.0,180.0,0.0,0.0,123.0,0.0,0.0,0.0,0.0,-66.0,0.0,-1078.0,22.0
8.0,0.0,0.0,0.0,0.0,0.0,-3.0,0.0,0.0,1.0,0.0,0.0,0.0,-2.0,0.0,-16.0,0.0
0.0,0.0,0.0,0.0,3705860.0,0.0,0.0,-3003120.0,2250396.0,0.0,-3705860.0,-8893964.0,240000.0,-3056560.0,6431004.0,-91641807.0,0.0
0.0,0.0,0.0,0.0,42307895.0,0.0,0.0,-3303432.0,91920670.0,3035736.0,-42307895.0,0.0,264000.0,-12142944.0,0.0,-738677072.0,0.0
0.0,0.0,0.0,390864664.0,11820765.0,537513240.0,0.0,-900936.0,0.0,0.0,-11820765.0,0.0,72000.0,-197088188.0,0.0,-215005296.0,0.0
0.0,2462286.0,0.0,0.0,4924572.0,0.0,-6846344.0,-3003120.0,0.0,0.0,-4924572.0,-11686892.0,240000.0,0.0,6167372.0,-87885051.0,0.0
172485.0,0.0,0.0,0.0,0.0,0.0,0.0,-25026.0,55340.0,22998.0,0.0,0.0,2000.0,-91992.0,0.0,-787027.0,0.0
0.0,4349817.0,0.0,123819328.0,21223884.0,0.0,0.0,-1801872.0,0.0,32610688.0,-21223884.0,0.0,144000.0,-130442752.0,0.0,-35575296.0,0.0
0.0,0.0,0.0,104.0,0.0,0.0,0.0,0.0,-73.0,62.0,0.0,-176.0,0.0,0.0,0.0,0.0,0.0
0.0,0.0,0.0,0.0,0.0,0.0,0.0,-2252340.0,-721012.0,0.0,0.0,-2779320.0,180000.0,-3774764.0,2414444.0,-34405827.0,0.0
0.0,0.0,0.0,86912.0,49655.0,0.0,0.0,-37539.0,0.0,0.0,-49655.0,-89185.0,3000.0,-64861.0,41596.0,-592743.0,0.0
45.0,0.0,0.0,0.0,0.0,0.0,0.0,0.0,3.0,0.0,0.0,0.0,0.0,-6.0,0.0,-98.0,2.0
0.0,0.0,0.0,0.0,0.0,1.0,-1.0,0.0,0.0,0.0,0.0,0.0,0.0,0.0,0.0,0.0,0.0
0.0,0.0,0.0,1207222.0,0.0,0.0,0.0,-563085.0,-783864.0,0.0,0.0,-694830.0,45000.0,-943691.0,0.0,0.0,0.0
0.0,0.0,0.0,51981668.0,19280160.0,0.0,0.0,-2252340.0,1449939.0,0.0,-19280160.0,0.0,180000.0,-30130474.0,0.0,-44469120.0,0.0
0.0,0.0,0.0,0.0,0.0,0.0,-2208531.0,-563085.0,-610068.0,0.0,0.0,0.0,45000.0,-1085370.0,0.0,-824180.0,16820.0
0.0,0.0,0.0,550158.0,0.0,0.0,-365664.0,-563085.0,0.0,0.0,0.0,0.0,45000.0,-1562955.0,0.0,-4131778.0,84322.0
0.0,0.0,0.0,732296222550.0,384409378705.0,0.0,0.0,-424135943112.0,0.0,0.0,-384409378705.0,-1145679672027.0,33895624000.0,0.0,0.0,-4853888283044.0,0.0
0.0,0.0,0.0,0.0,23641530.0,0.0,-153165675.0,-1801872.0,0.0,58909875.0,-23641530.0,-144695412.0,144000.0,0.0,0.0,-384877850.0,7854650.0
0.0,0.0,0.0,0.0,1.1284415003699064e+16,0.0,-4.809533448904298e+16,-2752207189720155.0,0.0,0.0,-1.1284415003699064e+16,-1626698134666978.0,219947829435000.0,-3431662046679152.0,0.0,-9027585572486208.0,0.0
0.0,0.0,0.0,7395970.0,2570688.0,0.0,0.0,-300312.0,0.0,0.0,-2570688.0,0.0,24000.0,-4560908.0,0.0,-5079193.0,103657.0
0.0,0.0,0.0,0.0,304720.0,0.0,0.0,-750780.0,456092.0,0.0,-304720.0,-426608.0,60000.0,-2083940.0,1130668.0,-16112019.0,0.0
0.0,0.0,0.0,-50398.0,0.0,0.0,-132538.0,-37539.0,0.0,0.0,0.0,-34151.0,3000.0,-38207.0,0.0,-466529.0,9521.0
0.0,0.0,0.0,0.0,723482041315.0,0.0,-1455411662450.0,-792280453131.0,0.0,0.0,-723482041315.0,-1732061231051.0,63316587000.0,-750256531375.0,1026162894600.0,-14622821248050.0,0.0
85020.0,0.0,0.0,0.0,321336.0,0.0,-1369567.0,-37539.0,-17004.0,11336.0,-321336.0,-46322.0,3000.0,-45344.0,0.0,0.0,0.0
210.0,0.0,0.0,0.0,5.0,8.0,0.0,0.0,0.0,0.0,-5.0,0.0,0.0,-28.0,28.0,-511.0,0.0
0.0,0.0,0.0,0.0,0.0,0.0,0.0,-325338.0,328454.0,712938.0,0.0,-2023824.0,26000.0,0.0,0.0,-10231351.0,0.0
0.0,0.0,0.0,16111420262.0,0.0,0.0,-10950052256.0,-21082440459.0,0.0,0.0,0.0,0.0,1684843000.0,-46803729445.0,0.0,-132727381388.0,0.0
170.0,0.0,0.0,0.0,5.0,0.0,0.0,0.0,0.0,0.0,-5.0,0.0,0.0,-20.0,20.0,-397.0,0.0
0.0,0.0,0.0,-98886.0,0.0,0.0,-1368732.0,-563085.0,0.0,0.0,0.0,0.0,45000.0,-1267935.0,0.0,-4613644.0,94156.0
0.0,0.0,0.0,0.0,3856032.0,0.0,0.0,-450468.0,11093955.0,0.0,-3856032.0,0.0,36000.0,-6841362.0,0.0,-98219422.0,2004478.0
0.0,0.0,0.0,3662372.0,964008.0,1449939.0,0.0,-112617.0,0.0,0.0,-964008.0,0.0,9000.0,-2038168.0,0.0,-2223456.0,0.0
680160.0,0.0,0.0,0.0,321336.0,0.0,-1369567.0,-37539.0,0.0,0.0,-321336.0,-46322.0,3000.0,-90688.0,0.0,-1110928.0,22672.0
0.0,0.0,0.0,0.0,0.0,0.0,0.0,-84126675846.0,19995036661.0,0.0,0.0,-100140375384.0,6723142000.0,-54478444332.0,0.0,-962342773439.0,0.0
0.0,0.0,0.0,7738708.0,964008.0,0.0,1449939.0,-112617.0,0.0,2038168.0,-964008.0,0.0,9000.0,-8152672.0,0.0,-2223456.0,0.0
0.0,0.0,0.0,2.0,0.0,0.0,0.0,0.0,-2.0,0.0,0.0,-1.0,0.0,0.0,0.0,0.0,0.0
0.0,0.0,0.0,-2.0,0.0,0.0,0.0,0.0,0.0,0.0,0.0,-3.0,0.0,4.0,0.0,-82.0,0.0
0.0,0.0,0.0,0.0,14615120.0,23384192.0,0.0,-32583852.0,0.0,0.0,-14615120.0,-81421480.0,2604000.0,-33163676.0,54698364.0,-779451687.0,0.0
0.0,0.0,0.0,0.0,0.0,0.0,0.0,-2327418.0,-2875171.0,0.0,0.0,-6952384.0,186000.0,0.0,2674756.0,-38115273.0,0.0
0.0,0.0,0.0,0.0,148965.0,0.0,0.0,-112617.0,385524.0,0.0,-148965.0,-267555.0,9000.0,-194583.0,0.0,-4167548.0,85052.0
0.0,0.0,0.0,21286672.0,3534696.0,0.0,0.0,-412929.0,0.0,5701135.0,-3534696.0,0.0,33000.0,-22804540.0,0.0,-6219420.0,0.0
0.0,0.0,0.0,0.0,0.0,3075586.0,0.0,-1501560.0,0.0,0.0,0.0,-5576746.0,120000.0,2816986.0,0.0,-57748213.0,0.0
20.0,0.0,0.0,6.0,5.0,0.0,0.0,0.0,0.0,0.0,-5.0,-7.0,0.0,0.0,4.0,-57.0,0.0
0.0,0.0,0.0,106863214.0,38560320.0,0.0,0.0,-4504680.0,0.0,0.0,-38560320.0,-5558640.0,360000.0,-60260948.0,0.0,-67108783.0,1369567.0
0.0,0.0,0.0,0.0,8477797494430.0,0.0,-20165863462350.0,-9491818285332.0,0.0,0.0,-8477797494430.0,-29555920978822.0,758556564000.0,12110637119950.0,0.0,-248268060958975.0,0.0
0.0,0.0,0.0,0.0,0.0,0.0,-1482344.0,-750780.0,-734452.0,0.0,0.0,-926440.0,60000.0,-764140.0,310700.0,-4427475.0,0.0
0.0,0.0,0.0,0.0,0.0,0.0,0.0,0.0,-4.0,0.0,0.0,-4.0,0.0,0.0,4.0,-57.0,0.0
449185.0,0.0,0.0,-91992.0,0.0,0.0,-179674.0,-25026.0,0.0,0.0,0.0,0.0,2000.0,0.0,0.0,-787027.0,0.0
0.0,0.0,0.0,0.0,0.0,0.0,0.0,-187695.0,0.0,1537793.0,0.0,-4926024.0,15000.0,1505468.0,0.0,-30862094.0,0.0
0.0,0.0,0.0,0.0,0.0,2.0,0.0,0.0,0.0,0.0,0.0,-2.0,0.0,2.0,0.0,-41.0,0.0
0.0,0.0,0.0,0.0,17115860.0,0.0,0.0,-12012480.0,4263916.0,0.0,-17115860.0,-51011484.0,960000.0,0.0,28933404.0,-412301007.0,0.0
0.0,0.0,0.0,2627632.0,0.0,0.0,0.0,-1826898.0,0.0,5569894.0,0.0,-15811312.0,146000.0,0.0,0.0,-57452971.0,0.0
0.0,0.0,0.0,-19235308.0,0.0,0.0,-32604702.0,-2252340.0,0.0,0.0,0.0,0.0,180000.0,5478014.0,0.0,-112299287.0,0.0
0.0,0.0,0.0,0.0,74864845.0,0.0,0.0,-5705928.0,168556670.0,9383184.0,-74864845.0,0.0,456000.0,-29253456.0,0.0,-1361700208.0,0.0
0.0,0.0,0.0,0.0,0.0,0.0,-1368732.0,-563085.0,-98886.0,0.0,0.0,0.0,45000.0,-1267935.0,0.0,-3806075.0,77675.0
0.0,0.0,0.0,0.0,2356464.0,0.0,-10712330.0,-275286.0,-34497.0,252978.0,-2356464.0,0.0,22000.0,-1011912.0,0.0,0.0,0.0
517455.0,0.0,0.0,0.0,321336.0,0.0,-1369567.0,-37539.0,-10847.0,0.0,-321336.0,0.0,3000.0,-68994.0,0.0,-741152.0,0.0
0.0,0.0,0.0,0.0,3856032.0,0.0,0.0,-450468.0,24776679.0,6841362.0,-3856032.0,0.0,36000.0,-27365448.0,0.0,-209961668.0,4284932.0
0.0,0.0,0.0,0.0,0.0,8.0,0.0,0.0,0.0,0.0,0.0,-4.0,0.0,0.0,4.0,-57.0,0.0
0.0,0.0,0.0,0.0,0.0,0.0,-1824976.0,-750780.0,-442548.0,0.0,0.0,0.0,60000.0,-1690580.0,310700.0,-4427475.0,0.0
0.0,103491.0,0.0,0.0,137988.0,0.0,0.0,-100104.0,359348.0,0.0,-137988.0,0.0,8000.0,-183984.0,0.0,-3424084.0,0.0
517455.0,0.0,0.0,0.0,642672.0,0.0,-2739134.0,-75078.0,81797.0,68994.0,-642672.0,0.0,6000.0,-275976.0,0.0,-1482304.0,0.0
0.0,0.0,0.0,0.0,0.0,0.0,-164227.0,-50052.0,0.0,172847.0,0.0,-437686.0,4000.0,0.0,0.0,-1574054.0,0.0
0.0,0.0,0.0,-40261611398.0,0.0,0.0,-93362922576.0,-25097486769.0,0.0,0.0,0.0,-8834570580.0,2005713000.0,-17162011295.0,0.0,-258994058133.0,0.0
2792705.0,0.0,0.0,0.0,8620.0,0.0,0.0,-200208.0,0.0,0.0,-8620.0,-367968.0,16000.0,0.0,0.0,-6296216.0,0.0
260.0,0.0,0.0,0.0,20.0,0.0,0.0,0.0,0.0,0.0,-20.0,-28.0,0.0,-24.0,52.0,-741.0,0.0
0.0,0.0,0.0,155350.0,0.0,0.0,-456244.0,-187695.0,-188312.0,0.0,0.0,0.0,15000.0,-422645.0,0.0,0.0,0.0
689940.0,0.0,0.0,0.0,535560.0,0.0,-2591425.0,-62565.0,0.0,91992.0,-535560.0,0.0,5000.0,-367968.0,0.0,-1126902.0,22998.0
0.0,0.0,0.0,-2759760.0,0.0,0.0,-10868234.0,-750780.0,-2739007.0,0.0,0.0,0.0,60000.0,0.0,0.0,0.0,0.0
2069820.0,0.0,0.0,0.0,3940255.0,0.0,0.0,-300312.0,8544590.0,275976.0,-3940255.0,0.0,24000.0,-1103904.0,0.0,-71668432.0,0.0
0.0,0.0,0.0,0.0,74911937600.0,119859100160.0,0.0,-2435865067776.0,0.0,0.0,-74911937600.0,-4476945962496.0,194666752000.0,0.0,0.0,-30575596779203.0,0.0
0.0,279.0,0.0,744.0,372.0,0.0,0.0,0.0,0.0,0.0,-372.0,-528.0,0.0,0.0,0.0,-2548.0,52.0
0.0,0.0,0.0,0.0,204307571040.0,0.0,-926605034920.0,-24730868382.0,0.0,22726784586.0,-204307571040.0,0.0,1976414000.0,-90907138344.0,0.0,-27150070419.0,0.0
1389660.0,0.0,0.0,0.0,964008.0,0.0,-4108701.0,-112617.0,0.0,21694.0,-964008.0,0.0,9000.0,-250370.0,0.0,-2223456.0,0.0
60.0,3.0,0.0,0.0,6.0,0.0,-24.0,0.0,0.0,0.0,-6.0,-6.0,0.0,0.0,0.0,-98.0,2.0
0.0,0.0,0.0,0.0,2249352.0,0.0,-9586969.0,-262773.0,0.0,317408.0,-2249352.0,-664334.0,21000.0,-589472.0,136032.0,-1938456.0,0.0
0.0,0.0,0.0,0.0,0.0,0.0,-228436.0,-300312.0,0.0,0.0,0.0,0.0,24000.0,-823748.0,271796.0,-3873093.0,0.0
420.0,0.0,0.0,0.0,20.0,0.0,32.0,0.0,0.0,0.0,-20.0,-28.0,0.0,-56.0,84.0,-1197.0,0.0
0.0,0.0,0.0,0.0,0.0,137988.0,0.0,-25026.0,66839.0,0.0,0.0,-45996.0,2000.0,0.0,0.0,-833023.0,0.0
0.0,0.0,0.0,0.0,0.0,0.0,-5106940686.0,-3756815529.0,0.0,0.0,0.0,-1150815733.0,300233000.0,-5753942801.0,0.0,-26876972050.0,0.0
0.0,4.0,0.0,0.0,8.0,0.0,-39.0,0.0,0.0,15.0,-8.0,-38.0,0.0,8.0,0.0,-164.0,0.0
0.0,0.0,0.0,0.0,127559787912.0,0.0,-543672903289.0,-27668007333.0,0.0,0.0,-127559787912.0,-18388305374.0,2211141000.0,-38198760496.0,0.0,-93675670816.0,1911748384.0
0.0,27.0,0.0,72.0,36.0,0.0,0.0,0.0,0.0,0.0,-36.0,-48.0,0.0,0.0,0.0,-244.0,4.0
0.0,0.0,0.0,0.0,0.0,14982387520.0,0.0,-86995180992.0,0.0,0.0,0.0,-159890927232.0,6952384000.0,0.0,0.0,-1108522020311.0,0.0
19494629.0,0.0,0.0,0.0,43100.0,0.0,68960.0,-1401456.0,0.0,0.0,-43100.0,-2575776.0,112000.0,0.0,0.0,-44073512.0,0.0
0.0,0.0,0.0,0.0,57840480.0,0.0,0.0,-6757020.0,341077665.0,90391422.0,-57840480.0,0.0,540000.0,-361565688.0,0.0,-2883351452.0,56121308.0
0.0,0.0,0.0,0.0,0.0,601245.0,0.0,-3491127.0,0.0,0.0,0.0,-10641921.0,279000.0,0.0,0.0,-69016157.0,1408493.0
0.0,93.0,0.0,352.0,124.0,0.0,0.0,0.0,-104.0,0.0,-124.0,-176.0,0.0,0.0,0.0,0.0,0.0
20.0,0.0,0.0,0.0,0.0,0.0,-2.0,0.0,0.0,2.0,0.0,0.0,0.0,-8.0,4.0,-57.0,0.0
0.0,0.0,0.0,0.0,900811920.0,0.0,-12824076173.0,-2263539135.0,-2725217004.0,0.0,-900811920.0,0.0,180895000.0,-4160223210.0,0.0,0.0,0.0
0.0,0.0,0.0,0.0,0.0,0.0,-750154.0,-187695.0,-295722.0,0.0,0.0,-153935.0,15000.0,-191035.0,0.0,0.0,0.0
0.0,0.0,0.0,-479688.0,0.0,0.0,-677173.0,-187695.0,0.0,0.0,0.0,-98340.0,15000.0,-263450.0,256664.0,-3657462.0,0.0
0.0,0.0,0.0,0.0,0.0,0.0,-317792.0,-150156.0,-104244.0,0.0,0.0,-78672.0,12000.0,-259444.0,62140.0,-885495.0,0.0
2784947.0,4310.0,0.0,0.0,8620.0,0.0,0.0,-200208.0,0.0,0.0,-8620.0,-367968.0,16000.0,0.0,0.0,-6296216.0,0.0
0.0,0.0,0.0,0.0,0.0,0.0,-2.0,0.0,-1.0,0.0,0.0,0.0,0.0,0.0,0.0,0.0,0.0
19.0,0.0,0.0,0.0,1.0,0.0,0.0,0.0,0.0,0.0,-1.0,0.0,0.0,-4.0,4.0,-57.0,0.0
0.0,0.0,0.0,-16283096.0,0.0,0.0,-17544936.0,-3003120.0,0.0,0.0,0.0,-4630000.0,240000.0,0.0,7252028.0,-103341399.0,0.0
0.0,0.0,0.0,0.0,15377930.0,0.0,0.0,-36262674.0,0.0,0.0,-15377930.0,-121914734.0,2898000.0,55266530.0,0.0,-1132963865.0,0.0
8467535.0,0.0,0.0,0.0,428448.0,0.0,0.0,-50052.0,0.0,0.0,-428448.0,0.0,4000.0,-1889156.0,1797164.0,-25609587.0,0.0
0.0,0.0,0.0,-105938.0,0.0,0.0,-370586.0,-187695.0,0.0,0.0,0.0,-231610.0,15000.0,-191035.0,0.0,-2133852.0,43548.0
0.0,28461.0,0.0,0.0,37948.0,0.0,0.0,-150156.0,0.0,0.0,-37948.0,-185288.0,12000.0,-307308.0,216620.0,-3086835.0,0.0
0.0,0.0,0.0,227385110.0,38560320.0,0.0,0.0,-4504680.0,0.0,60260948.0,-38560320.0,-1449939.0,360000.0,-241043792.0,0.0,-65739216.0,0.0
0.0,0.0,0.0,0.0,0.0,0.0,0.0,0.0,3.0,0.0,0.0,0.0,0.0,-6.0,0.0,-98.0,2.0
20.0,2.0,0.0,0.0,4.0,0.0,-8.0,0.0,0.0,0.0,-4.0,-4.0,0.0,0.0,4.0,-57.0,0.0
0.0,3.0,0.0,0.0,4.0,0.0,0.0,0.0,0.0,0.0,-4.0,-8.0,0.0,0.0,8.0,-114.0,0.0
0.0,0.0,0.0,0.0,57503420.0,0.0,0.0,-51953976.0,0.0,0.0,-57503420.0,-206020756.0,4152000.0,0.0,110533060.0,-1575096105.0,0.0
0.0,0.0,0.0,0.0,3503975280.0,0.0,0.0,-15707243562.0,17637005855.0,0.0,-3503975280.0,-4905565392.0,1255274000.0,-23963226060.0,0.0,-222466561009.0,0.0
31.0,0.0,0.0,0.0,0.0,0.0,0.0,0.0,-2.0,0.0,0.0,-4.0,0.0,4.0,0.0,-82.0,0.0
0.0,9.0,0.0,0.0,12.0,0.0,0.0,0.0,24.0,0.0,-12.0,0.0,0.0,0.0,0.0,-272.0,0.0
20.0,0.0,0.0,0.0,5.0,0.0,0.0,0.0,10.0,0.0,-5.0,0.0,0.0,0.0,0.0,-112.0,0.0
0.0,0.0,0.0,0.0,0.0,0.0,0.0,-1689255.0,3113130.0,365664.0,0.0,0.0,135000.0,-6151521.0,0.0,-37819229.0,771821.0
0.0,0.0,0.0,0.0,0.0,0.0,-3.0,0.0,0.0,0.0,0.0,0.0,0.0,-3.0,0.0,-49.0,1.0
0.0,0.0,0.0,0.0,57503420.0,0.0,92005472.0,-65167704.0,0.0,0.0,-57503420.0,-275171540.0,5208000.0,0.0,155397956.0,-2214420873.0,0.0
4139640.0,0.0,0.0,0.0,3940255.0,0.0,0.0,-300312.0,8130626.0,0.0,-3940255.0,0.0,24000.0,-551952.0,0.0,-71668432.0,0.0
0.0,0.0,0.0,0.0,901265.0,0.0,1442024.0,-3941595.0,0.0,0.0,-901265.0,-6125581.0,315000.0,-6605837.0,5487048.0,-78190434.0,0.0
0.0,0.0,0.0,0.0,0.0,0.0,137988.0,-25026.0,66839.0,0.0,0.0,-45996.0,2000.0,0.0,0.0,-833023.0,0.0
0.0,4042665.0,0.0,14707408.0,5390220.0,0.0,0.0,-300312.0,0.0,0.0,-5390220.0,0.0,24000.0,-7905656.0,0.0,-9444324.0,0.0
680160.0,0.0,0.0,0.0,1606680.0,0.0,-6847835.0,-187695.0,0.0,90688.0,-1606680.0,-163594.0,15000.0,-362752.0,0.0,-1088256.0,0.0
0.0,0.0,0.0,-18779619352.0,0.0,0.0,-66135933149.0,-22793017611.0,0.0,0.0,0.0,0.0,1821547000.0,-32502128230.0,0.0,-186522250892.0,0.0
210.0,0.0,0.0,112.0,15.0,0.0,24.0,0.0,0.0,28.0,-15.0,0.0,0.0,-112.0,0.0,-336.0,0.0
0.0,0.0,0.0,-23001368.0,0.0,0.0,0.0,-9309672.0,0.0,0.0,0.0,-27809536.0,744000.0,0.0,22199708.0,-316345839.0,0.0
10.0,0.0,0.0,0.0,0.0,2.0,0.0,0.0,0.0,0.0,0.0,-2.0,0.0,2.0,0.0,-41.0,0.0
0.0,0.0,0.0,0.0,0.0,0.0,0.0,-1689255.0,1270074.0,0.0,0.0,-2084490.0,135000.0,-2831073.0,0.0,-29576939.0,603611.0
0.0,0.0,0.0,0.0,18615.0,0.0,-49664.0,-37539.0,0.0,0.0,-18615.0,-45729.0,3000.0,-64861.0,41596.0,-592743.0,0.0
0.0,0.0,0.0,0.0,2035128.0,0.0,-9847415.0,-237747.0,-68994.0,390966.0,-2035128.0,0.0,19000.0,-1218894.0,0.0,0.0,0.0
19.0,0.0,0.0,0.0,0.0,4.0,0.0,0.0,0.0,0.0,0.0,0.0,0.0,-4.0,4.0,-57.0,0.0
0.0,0.0,0.0,0.0,0.0,0.0,2.0,0.0,0.0,0.0,0.0,-2.0,0.0,2.0,0.0,-41.0,0.0
217.0,0.0,0.0,0.0,20.0,32.0,0.0,0.0,0.0,0.0,-20.0,-56.0,0.0,0.0,56.0,-798.0,0.0
60.0,0.0,0.0,0.0,4.0,0.0,0.0,0.0,0.0,0.0,-4.0,-4.0,0.0,-8.0,12.0,-171.0,0.0
0.0,0.0,0.0,0.0,182197512.0,0.0,-989117161.0,-348624693.0,0.0,0.0,-182197512.0,-26264574.0,27861000.0,-908597840.0,294115136.0,-4191140688.0,0.0
0.0,0.0,0.0,0.0,3748920.0,0.0,-18139975.0,-437955.0,0.0,781932.0,-3748920.0,0.0,35000.0,-2437788.0,0.0,-1126902.0,22998.0
1389660.0,0.0,0.0,327188.0,964008.0,0.0,-4108701.0,-112617.0,0.0,185288.0,-964008.0,0.0,9000.0,-741152.0,0.0,-2223456.0,0.0
0.0,0.0,0.0,0.0,88392785544.0,0.0,-385029455001.0,-23092453701.0,0.0,0.0,-88392785544.0,-12742209438.0,1845477000.0,-35435315760.0,0.0,-93675670816.0,1911748384.0
0.0,0.0,0.0,0.0,3748920.0,0.0,-18139975.0,-437955.0,0.0,781932.0,-3748920.0,68994.0,35000.0,-2437788.0,0.0,-1103904.0,0.0
0.0,26061.0,0.0,0.0,52122.0,0.0,-158896.0,-75078.0,0.0,0.0,-52122.0,-91458.0,6000.0,-129722.0,83192.0,-1185486.0,0.0
0.0,0.0,0.0,0.0,221702559840.0,0.0,0.0,-394411436742.0,1275617976610.0,346470320526.0,-221702559840.0,-31959400680.0,31520134000.0,-1385881282104.0,0.0,-11589096138239.0,0.0
0.0,52969.0,0.0,0.0,105938.0,0.0,-741172.0,-375390.0,0.0,0.0,-105938.0,-569158.0,30000.0,-382070.0,0.0,-4267704.0,87096.0
0.0,0.0,0.0,0.0,24622860.0,0.0,-8527832.0,-21021840.0,0.0,0.0,-24622860.0,-81808244.0,1680000.0,0.0,43171604.0,-615195357.0,0.0
0.0,279.0,0.0,0.0,372.0,0.0,0.0,0.0,744.0,0.0,-372.0,-528.0,0.0,0.0,0.0,-8624.0,176.0
0.0,0.0,0.0,-215048.0,0.0,0.0,-265076.0,-75078.0,0.0,0.0,0.0,-68302.0,6000.0,-76414.0,114252.0,-1628091.0,0.0
0.0,0.0,0.0,531778.0,0.0,0.0,0.0,-563085.0,0.0,121888.0,0.0,0.0,45000.0,-2050507.0,505932.0,-7209531.0,0.0
0.0,3.0,0.0,176.0,6.0,240.0,0.0,0.0,0.0,0.0,-6.0,0.0,0.0,-88.0,0.0,-96.0,0.0
172485.0,0.0,0.0,0.0,214224.0,0.0,-1036570.0,-25026.0,-34497.0,22998.0,-214224.0,0.0,2000.0,-91992.0,0.0,0.0,0.0
0.0,0.0,0.0,70234365298.0,0.0,0.0,0.0,-63247321377.0,0.0,0.0,0.0,0.0,5054529000.0,-151361240591.0,0.0,-398182144164.0,0.0
0.0,0.0,0.0,0.0,0.0,0.0,0.0,-2252340.0,1063556.0,487552.0,0.0,0.0,180000.0,-8202028.0,3087284.0,-43993797.0,0.0
0.0,0.0,0.0,80.0,0.0,0.0,186.0,0.0,0.0,0.0,0.0,-66.0,0.0,26.0,0.0,-533.0,0.0
0.0,135.0,0.0,0.0,180.0,0.0,0.0,0.0,492.0,0.0,-180.0,0.0,0.0,-264.0,0.0,-4312.0,88.0
576004.0,0.0,0.0,0.0,0.0,0.0,0.0,-150156.0,0.0,0.0,0.0,0.0,12000.0,-526092.0,250116.0,-3564153.0,0.0
0.0,0.0,0.0,0.0,0.0,0.0,0.0,-25026.0,89837.0,137988.0,0.0,-275976.0,2000.0,-45996.0,0.0,-1890931.0,0.0
0.0,0.0,0.0,-10997534.0,0.0,0.0,-21736468.0,-1501560.0,0.0,0.0,0.0,2739007.0,120000.0,0.0,0.0,-43824112.0,0.0
0.0,0.0,0.0,0.0,69615623496.0,0.0,-336850524905.0,-21082440459.0,-11635424136.0,0.0,-69615623496.0,0.0,1684843000.0,-38748019314.0,0.0,0.0,0.0
0.0,0.0,0.0,0.0,383996520.0,0.0,-1775189877.0,-110327121.0,-72543424.0,0.0,-383996520.0,-89655782.0,8817000.0,-113117584.0,0.0,0.0,0.0
39273250.0,0.0,0.0,0.0,3940255.0,0.0,-15709300.0,-300312.0,0.0,0.0,-3940255.0,-551952.0,24000.0,0.0,0.0,-62837200.0,0.0
0.0,0.0,0.0,0.0,74911937600.0,0.0,119859100160.0,-2435865067776.0,0.0,0.0,-74911937600.0,-4476945962496.0,194666752000.0,0.0,0.0,-30575596779203.0,0.0
93.0,0.0,0.0,0.0,0.0,0.0,0.0,0.0,0.0,0.0,0.0,-12.0,0.0,0.0,0.0,-196.0,4.0
483313.0,0.0,0.0,7740608.0,1285344.0,0.0,0.0,-150156.0,0.0,2073140.0,-1285344.0,0.0,12000.0,-8292560.0,0.0,-2964608.0,0.0
0.0,4349817.0,0.0,58597952.0,21223884.0,0.0,0.0,-1801872.0,0.0,0.0,-21223884.0,0.0,144000.0,-32610688.0,0.0,-35575296.0,0.0
0.0,0.0,0.0,-20588918008.0,0.0,0.0,-60835190801.0,-23285228979.0,0.0,0.0,0.0,-8834570580.0,1860883000.0,-23667557650.0,0.0,-202001497928.0,0.0
0.0,0.0,0.0,4791281027404.0,1732071733920.0,0.0,0.0,-305167819806.0,0.0,0.0,-1732071733920.0,-249685770840.0,24388062000.0,-2706831392738.0,0.0,-3233658621927.0,0.0
0.0,0.0,0.0,16517786.0,2570688.0,0.0,0.0,-300312.0,0.0,4560908.0,-2570688.0,310971.0,24000.0,-18243632.0,0.0,-4975536.0,0.0
0.0,0.0,0.0,0.0,3940255.0,0.0,0.0,-300312.0,7854650.0,0.0,-3940255.0,-551952.0,24000.0,0.0,0.0,-62837200.0,0.0
0.0,93.0,0.0,0.0,124.0,0.0,0.0,0.0,72.0,0.0,-124.0,-176.0,0.0,0.0,176.0,-2508.0,0.0
0.0,0.0,0.0,0.0,0.0,0.0,137988.0,-25026.0,89837.0,0.0,0.0,0.0,2000.0,-45996.0,0.0,-856021.0,0.0
0.0,0.0,0.0,-221274.0,0.0,0.0,-456244.0,-187695.0,0.0,0.0,0.0,0.0,15000.0,-422645.0,188312.0,-2683446.0,0.0
60.0,0.0,0.0,0.0,0.0,0.0,0.0,0.0,0.0,4.0,0.0,0.0,0.0,-20.0,12.0,-171.0,0.0
44792770.0,0.0,0.0,0.0,3940255.0,0.0,-17089180.0,-300312.0,0.0,275976.0,-3940255.0,0.0,24000.0,-1103904.0,0.0,-71668432.0,0.0
0.0,0.0,0.0,0.0,0.0,0.0,0.0,-4654836.0,-2923024.0,0.0,0.0,-8708616.0,372000.0,-4737668.0,4891028.0,-69697149.0,0.0
210.0,0.0,0.0,0.0,15.0,0.0,-60.0,0.0,0.0,0.0,-15.0,-21.0,0.0,0.0,0.0,-343.0,7.0
0.0,0.0,0.0,0.0,57840480.0,0.0,0.0,-6757020.0,341077665.0,90391422.0,-57840480.0,-8337960.0,540000.0,-361565688.0,0.0,-2886130772.0,58900628.0
0.0,0.0,0.0,0.0,0.0,0.0,-33117142998.0,-9054156540.0,-17338228949.0,0.0,0.0,-16640892840.0,723580000.0,0.0,0.0,-13237794140.0,0.0
0.0,0.0,0.0,82.0,0.0,120.0,0.0,0.0,0.0,0.0,0.0,3.0,0.0,-44.0,0.0,-48.0,0.0
0.0,0.0,0.0,0.0,11246760.0,0.0,-47934845.0,-1313865.0,0.0,770848.0,-11246760.0,-1553254.0,105000.0,-2403232.0,0.0,-1088256.0,0.0
0.0,8625513.0,0.0,0.0,11500684.0,0.0,0.0,-5405616.0,0.0,0.0,-11500684.0,-32471024.0,432000.0,0.0,22535888.0,-321136404.0,0.0
0.0,0.0,0.0,0.0,0.0,0.0,-297222.0,-137643.0,0.0,0.0,0.0,67949.0,11000.0,-320927.0,0.0,-1087184.0,0.0
0.0,0.0,0.0,0.0,0.0,0.0,0.0,-1689255.0,2381802.0,0.0,0.0,0.0,135000.0,-5054529.0,0.0,-31846717.0,649933.0
0.0,0.0,0.0,2756932.0,0.0,5569894.0,0.0,-325338.0,0.0,0.0,0.0,-1976414.0,26000.0,0.0,0.0,-10231351.0,0.0
0.0,0.0,0.0,35274011710.0,6843782660.0,0.0,0.0,-21082440459.0,0.0,0.0,-6843782660.0,-9581295724.0,1684843000.0,-46803729445.0,0.0,-132727381388.0,0.0
0.0,0.0,0.0,0.0,42519929304.0,0.0,-205742041595.0,-17917076901.0,0.0,0.0,-42519929304.0,0.0,1431877000.0,-38748019314.0,0.0,-95022630444.0,1939237356.0
0.0,0.0,0.0,0.0,0.0,0.0,-365664.0,-563085.0,550158.0,0.0,0.0,0.0,45000.0,-1562955.0,0.0,-8624735.0,176015.0
0.0,0.0,0.0,0.0,0.0,0.0,-891905.0,-100104.0,0.0,541177.0,0.0,-898370.0,8000.0,-367968.0,0.0,-3148108.0,0.0
0.0,0.0,0.0,14466702.0,4278965.0,0.0,0.0,-3003120.0,-6167372.0,0.0,-4278965.0,-12752871.0,240000.0,0.0,0.0,0.0,0.0
0.0,0.0,0.0,0.0,0.0,0.0,0.0,-3491127.0,0.0,0.0,0.0,-9769146.0,279000.0,-601245.0,0.0,-64581167.0,1317983.0
0.0,0.0,0.0,0.0,0.0,1425876.0,0.0,-275286.0,689233.0,0.0,0.0,-505956.0,22000.0,0.0,0.0,-8657297.0,0.0
0.0,27.0,0.0,0.0,36.0,0.0,0.0,0.0,96.0,0.0,-36.0,0.0,0.0,-48.0,0.0,-856.0,16.0
0.0,0.0,0.0,3676852.0,0.0,0.0,5390220.0,-75078.0,0.0,0.0,0.0,0.0,6000.0,-1976414.0,0.0,-2361081.0,0.0
0.0,1.0,0.0,0.0,2.0,0.0,-13.0,0.0,0.0,5.0,-2.0,-10.0,0.0,0.0,0.0,-32.0,0.0
0.0,0.0,0.0,0.0,0.0,0.0,-39990073322.0,-74564992026.0,0.0,0.0,0.0,-84213405364.0,5959002000.0,-52831722632.0,0.0,-712524663099.0,0.0
0.0,0.0,0.0,186.0,0.0,0.0,372.0,0.0,0.0,0.0,0.0,-132.0,0.0,0.0,0.0,-637.0,13.0
0.0,0.0,0.0,0.0,0.0,0.0,18.0,0.0,12.0,0.0,0.0,0.0,0.0,-6.0,0.0,-107.0,2.0
0.0,0.0,0.0,0.0,43342805.0,8279280.0,0.0,-3303432.0,98130130.0,3035736.0,-43342805.0,0.0,264000.0,-12142944.0,0.0,-788352752.0,0.0
0.0,0.0,0.0,186.0,0.0,372.0,0.0,0.0,0.0,0.0,0.0,-132.0,0.0,0.0,0.0,-637.0,13.0
0.0,0.0,0.0,0.0,295376228568.0,0.0,-1197820256851.0,-35357421015.0,0.0,0.0,-295376228568.0,-42579784586.0,2825655000.0,-22404629104.0,0.0,-26765214216.0,0.0
134378310.0,0.0,0.0,32522504.0,11820765.0,0.0,0.0,-900936.0,0.0,0.0,-11820765.0,0.0,72000.0,-17917108.0,0.0,-215005296.0,0.0
689940.0,0.0,0.0,0.0,535560.0,0.0,-2591425.0,-62565.0,0.0,91992.0,-535560.0,68994.0,5000.0,-367968.0,0.0,-1103904.0,0.0
0.0,0.0,0.0,0.0,15377930.0,24604688.0,0.0,-48875778.0,0.0,0.0,-15377930.0,-167529166.0,3906000.0,77698978.0,0.0,-1592829049.0,0.0
0.0,9.0,0.0,0.0,12.0,0.0,0.0,0.0,8.0,0.0,-12.0,-16.0,0.0,0.0,16.0,-244.0,0.0
328454.0,0.0,0.0,0.0,0.0,0.0,0.0,-25026.0,0.0,4310.0,0.0,-54616.0,2000.0,0.0,0.0,-787027.0,0.0
449185.0,0.0,0.0,0.0,0.0,0.0,-41686.0,-25026.0,0.0,0.0,0.0,0.0,2000.0,-45996.0,0.0,-787027.0,0.0
0.0,0.0,0.0,8.0,0.0,0.0,24.0,0.0,0.0,0.0,0.0,-8.0,0.0,0.0,4.0,-65.0,0.0
0.0,0.0,0.0,267356.0,0.0,539022.0,0.0,-25026.0,0.0,0.0,0.0,-179674.0,2000.0,0.0,0.0,-966701.0,0.0
0.0,0.0,0.0,72.0,0.0,0.0,248.0,0.0,0.0,0.0,0.0,-88.0,0.0,0.0,52.0,-741.0,0.0
0.0,0.0,0.0,0.0,0.0,0.0,-8465299323.0,-2263539135.0,-2347452419.0,0.0,0.0,0.0,180895000.0,-4160223210.0,0.0,-3309448535.0,0.0
0.0,0.0,0.0,0.0,0.0,0.0,-820277.0,-187695.0,-253816.0,0.0,0.0,0.0,15000.0,-344970.0,0.0,0.0,0.0
0.0,0.0,0.0,-31578.0,0.0,0.0,-238344.0,-112617.0,0.0,0.0,0.0,-59004.0,9000.0,-194583.0,0.0,-1019102.0,20798.0
0.0,0.0,0.0,0.0,443405119680.0,0.0,0.0,-411800252322.0,1197820256851.0,0.0,-443405119680.0,-63918801360.0,32909794000.0,-692940641052.0,0.0,-11321443996079.0,0.0
0.0,0.0,0.0,1299866.0,0.0,0.0,0.0,-563085.0,-505932.0,0.0,0.0,0.0,45000.0,-1684843.0,0.0,0.0,0.0
0.0,4042665.0,0.0,30518720.0,5390220.0,0.0,0.0,-300312.0,0.0,7905656.0,-5390220.0,0.0,24000.0,-31622624.0,0.0,-9444324.0,0.0
117819750.0,0.0,0.0,0.0,11820765.0,0.0,-47127900.0,-900936.0,0.0,0.0,-11820765.0,-13437831.0,72000.0,0.0,0.0,-192438925.0,3927325.0
0.0,0.0,0.0,0.0,57503420.0,92005472.0,0.0,-65167704.0,0.0,0.0,-57503420.0,-275171540.0,5208000.0,0.0,155397956.0,-2214420873.0,0.0
0.0,0.0,0.0,0.0,0.0,0.0,6.0,0.0,2.0,0.0,0.0,-2.0,0.0,2.0,0.0,-43.0,0.0
0.0,0.0,0.0,0.0,369737015.0,0.0,-6545790752.0,-4413372639.0,0.0,0.0,-369737015.0,-2284545937.0,352703000.0,-5826917657.0,0.0,-32737175092.0,0.0
0.0,0.0,0.0,4.0,0.0,0.0,6.0,0.0,0.0,0.0,0.0,0.0,0.0,-2.0,0.0,-3.0,0.0
340080.0,0.0,0.0,0.0,321336.0,0.0,-1369567.0,-37539.0,0.0,45344.0,-321336.0,-46322.0,3000.0,-181376.0,68016.0,-969228.0,0.0
0.0,135.0,0.0,0.0,180.0,0.0,0.0,0.0,1020.0,264.0,-180.0,0.0,0.0,-1056.0,0.0,-8624.0,176.0
0.0,0.0,0.0,0.0,0.0,12.0,0.0,0.0,2.0,0.0,0.0,-4.0,0.0,0.0,4.0,-61.0,0.0
0.0,0.0,0.0,14742.0,0.0,0.0,-121888.0,-187695.0,0.0,0.0,0.0,0.0,15000.0,-520985.0,168644.0,-2403177.0,0.0
0.0,0.0,0.0,-6153164.0,0.0,0.0,-8640006.0,-2252340.0,0.0,0.0,0.0,-4341480.0,180000.0,3278422.0,0.0,-67207651.0,0.0
0.0,0.0,0.0,13548056.0,5141376.0,0.0,0.0,-600624.0,0.0,0.0,-5141376.0,0.0,48000.0,-9121816.0,1243884.0,-17725347.0,0.0
0.0,0.0,0.0,0.0,0.0,0.0,0.0,-116788884252.0,0.0,0.0,0.0,-121848168120.0,9333404000.0,-165489428524.0,72687971452.0,-1603259504515.0,0.0
0.0,0.0,0.0,0.0,0.0,0.0,0.0,-45215250006.0,46067234905.0,5606360448.0,0.0,0.0,3613462000.0,-94315119972.0,0.0,-607443966167.0,0.0
0.0,0.0,0.0,0.0,8319924600.0,0.0,-50750486887.0,-5288556885.0,-4330799376.0,0.0,-8319924600.0,0.0,422645000.0,-9719989710.0,0.0,0.0,0.0
0.0,0.0,0.0,0.0,28479902568.0,0.0,-137806280365.0,-16276897887.0,0.0,2803180224.0,-28479902568.0,0.0,1300799000.0,-47157559986.0,11635424136.0,-165804793938.0,0.0
15495534945.0,0.0,0.0,0.0,2232535416.0,0.0,-10802614255.0,-1124130381.0,0.0,0.0,-2232535416.0,0.0,89837000.0,-2066071326.0,0.0,-27150070419.0,0.0
0.0,0.0,0.0,0.0,1606680.0,0.0,-6847835.0,-187695.0,0.0,158704.0,-1606680.0,-367642.0,15000.0,-294736.0,0.0,-544128.0,0.0
0.0,3.0,0.0,0.0,4.0,0.0,0.0,0.0,0.0,0.0,-4.0,-16.0,0.0,16.0,0.0,-328.0,0.0
31.0,0.0,0.0,-8.0,0.0,0.0,0.0,0.0,0.0,0.0,0.0,-4.0,0.0,0.0,8.0,-114.0,0.0
0.0,0.0,0.0,0.0,1.480306099543308e+16,0.0,-6.3092164707136136e+16,-3163261201358139.0,0.0,248259584748032.0,-1.480306099543308e+16,-2133926455269410.0,252797986203000.0,-4176440800923248.0,0.0,-9027585572486208.0,0.0
0.0,0.0,0.0,0.0,0.0,0.0,0.0,-3491127.0,1476003.0,0.0,0.0,-6531462.0,279000.0,-3553251.0,0.0,-59915093.0,1222757.0
3104730.0,0.0,0.0,0.0,1938863.0,0.0,-8130626.0,-225234.0,0.0,0.0,-1938863.0,0.0,18000.0,-413964.0,0.0,-4967568.0,0.0
0.0,45.0,0.0,152.0,60.0,0.0,0.0,0.0,0.0,0.0,-60.0,0.0,0.0,-88.0,12.0,-171.0,0.0
0.0,0.0,0.0,0.0,13174776.0,0.0,-54791927.0,-1539099.0,0.0,498784.0,-13174776.0,-1899202.0,123000.0,-1995136.0,68016.0,-969228.0,0.0
15.0,0.0,0.0,4.0,0.0,0.0,0.0,0.0,-3.0,0.0,0.0,0.0,0.0,-2.0,0.0,0.0,0.0
8055710131.0,0.0,0.0,0.0,0.0,0.0,-4343556142.0,-2607634122.0,0.0,0.0,0.0,0.0,208394000.0,-4792645212.0,0.0,-27705711481.0,0.0
0.0,0.0,0.0,112242616.0,19280160.0,0.0,0.0,-2252340.0,1449939.0,30130474.0,-19280160.0,0.0,180000.0,-120521896.0,0.0,-44469120.0,0.0
20.0,0.0,0.0,10.0,5.0,0.0,0.0,0.0,0.0,0.0,-5.0,-5.0,0.0,0.0,0.0,-32.0,0.0
0.0,0.0,0.0,0.0,0.0,0.0,0.0,0.0,93.0,186.0,0.0,-528.0,0.0,0.0,0.0,-2548.0,52.0
0.0,0.0,0.0,0.0,9821420616.0,0.0,-50326286729.0,-5463964119.0,0.0,0.0,-9821420616.0,1939237356.0,436663000.0,-11981613030.0,0.0,-31027797696.0,0.0
0.0,0.0,0.0,0.0,0.0,0.0,-54652.0,-75078.0,0.0,0.0,0.0,-2106.0,6000.0,-204182.0,68300.0,-973275.0,0.0
0.0,0.0,0.0,0.0,6572285208.0,0.0,-28011753851.0,-1749805407.0,0.0,212572672.0,-6572285208.0,-947423866.0,139839000.0,-3576084208.0,882345408.0,-12573422064.0,0.0
0.0,0.0,0.0,0.0,0.0,0.0,8.0,0.0,0.0,0.0,0.0,-4.0,0.0,0.0,4.0,-57.0,0.0
0.0,0.0,0.0,0.0,43342805.0,0.0,16558560.0,-3303432.0,97716166.0,0.0,-43342805.0,0.0,264000.0,-6071472.0,0.0,-788352752.0,0.0
31.0,2.0,0.0,0.0,4.0,0.0,0.0,0.0,0.0,0.0,-4.0,-8.0,0.0,0.0,8.0,-114.0,0.0
0.0,0.0,0.0,-29964775040.0,0.0,0.0,0.0,-347980723968.0,0.0,0.0,0.0,-624581321408.0,27809536000.0,0.0,0.0,-4367942397029.0,0.0
0.0,0.0,0.0,36343985726.0,0.0,0.0,0.0,-70202847609.0,0.0,0.0,0.0,-62421442710.0,5610393000.0,-84778368367.0,0.0,-616922132328.0,0.0
0.0,0.0,0.0,0.0,0.0,0.0,0.0,0.0,0.0,0.0,0.0,0.0,0.0,-24.0,12.0,-367.0,4.0
0.0,0.0,0.0,7738708.0,964008.0,1449939.0,0.0,-112617.0,0.0,2038168.0,-964008.0,0.0,9000.0,-8152672.0,0.0,-2223456.0,0.0
0.0,0.0,0.0,0.0,0.0,0.0,-5134758.0,-2252340.0,-2761329.0,0.0,0.0,-5071740.0,180000.0,0.0,0.0,-15224300.0,310700.0
0.0,0.0,0.0,0.0,65605091380.0,0.0,0.0,-106384449882.0,122049370425.0,0.0,-65605091380.0,-195527018172.0,8501914000.0,0.0,0.0,-1897614179159.0,0.0
0.0,0.0,0.0,0.0,0.0,0.0,-736177.0,-187695.0,-203356.0,0.0,0.0,16820.0,15000.0,-361790.0,0.0,-269120.0,0.0
0.0,24.0,0.0,88.0,33.0,0.0,0.0,0.0,0.0,0.0,-33.0,0.0,0.0,-44.0,0.0,-48.0,0.0
0.0,0.0,0.0,0.0,918065.0,0.0,-1125198.0,-1313865.0,0.0,0.0,-918065.0,-2906561.0,105000.0,-1337245.0,1829016.0,-26063478.0,0.0
19.0,0.0,0.0,0.0,0.0,0.0,4.0,0.0,0.0,0.0,0.0,0.0,0.0,-4.0,4.0,-57.0,0.0
0.0,0.0,0.0,0.0,0.0,0.0,11500684.0,-1351404.0,0.0,0.0,0.0,-8117756.0,108000.0,0.0,5633972.0,-80284101.0,0.0
0.0,5040113873.0,0.0,0.0,10080227746.0,0.0,-66584668964.0,-46801898406.0,0.0,0.0,-10080227746.0,-51694522886.0,3740262000.0,-34324022590.0,0.0,-411281421552.0,0.0
0.0,0.0,0.0,-111190.0,0.0,0.0,-1039248.0,-187695.0,-329079.0,0.0,0.0,-98340.0,15000.0,-191035.0,0.0,0.0,0.0
0.0,2.0,0.0,0.0,4.0,0.0,0.0,0.0,4.0,0.0,-4.0,-4.0,0.0,0.0,4.0,-57.0,0.0
0.0,0.0,0.0,0.0,570982845.0,0.0,0.0,-963788799.0,1431891727.0,0.0,-570982845.0,-1025538315.0,77023000.0,-745836639.0,0.0,-16734555101.0,0.0
0.0,0.0,0.0,352030.0,0.0,0.0,-121888.0,-187695.0,-168644.0,0.0,0.0,0.0,15000.0,-520985.0,0.0,0.0,0.0
0.0,0.0,0.0,0.0,0.0,0.0,0.0,-525546.0,0.0,0.0,0.0,-288002.0,42000.0,-1265318.0,587404.0,-8370507.0,0.0
0.0,0.0,0.0,0.0,7880510.0,0.0,0.0,-600624.0,11781975.0,0.0,-7880510.0,-8958554.0,48000.0,7854650.0,0.0,-161020325.0,0.0
30.0,0.0,0.0,0.0,1.0,0.0,0.0,0.0,0.0,0.0,-1.0,0.0,0.0,-4.0,4.0,-73.0,0.0
0.0,45.0,0.0,0.0,60.0,0.0,0.0,0.0,164.0,0.0,-60.0,88.0,0.0,-88.0,0.0,-1408.0,0.0
210.0,0.0,0.0,40.0,15.0,0.0,0.0,0.0,0.0,0.0,-15.0,0.0,0.0,-20.0,0.0,-336.0,0.0
0.0,0.0,0.0,0.0,11246760.0,0.0,-47934845.0,-1313865.0,0.0,770848.0,-11246760.0,-1621270.0,105000.0,-2403232.0,0.0,-1110928.0,22672.0
0.0,15.0,0.0,0.0,20.0,0.0,0.0,0.0,64.0,16.0,-20.0,0.0,0.0,-32.0,0.0,-680.0,0.0
0.0,0.0,0.0,0.0,0.0,0.0,-487552.0,-750780.0,29484.0,0.0,0.0,0.0,60000.0,-2083940.0,704060.0,-10032855.0,0.0
0.0,0.0,0.0,33640.0,0.0,0.0,-677173.0,-187695.0,-256664.0,0.0,0.0,-98340.0,15000.0,-263450.0,0.0,0.0,0.0
140.0,0.0,0.0,0.0,20.0,0.0,-24.0,0.0,0.0,0.0,-20.0,-28.0,0.0,0.0,28.0,-399.0,0.0
0.0,0.0,0.0,0.0,27313560.0,0.0,-113692555.0,-3190815.0,0.0,997568.0,-27313560.0,-3869354.0,255000.0,-3990272.0,0.0,-1088256.0,0.0
0.0,0.0,0.0,-183984.0,0.0,0.0,-1706903.0,-50052.0,0.0,449185.0,0.0,0.0,4000.0,-898370.0,0.0,-1574054.0,0.0
0.0,0.0,0.0,0.0,862863223551672.0,0.0,-4426983027028823.0,-585655066545285.0,0.0,0.0,-862863223551672.0,0.0,46803729445000.0,-1076392169776110.0,0.0,-3052464317161224.0,0.0
0.0,0.0,0.0,-3077392.0,0.0,0.0,-4156992.0,-750780.0,0.0,0.0,0.0,-393360.0,60000.0,-764140.0,1316316.0,-18757503.0,0.0
1764095480125.0,0.0,0.0,0.0,181235968980.0,0.0,-705638192050.0,-112098386202.0,0.0,0.0,-181235968980.0,-206028824892.0,8958554000.0,0.0,0.0,-3090910812775.0,0.0
0.0,0.0,0.0,0.0,0.0,6.0,0.0,0.0,2.0,0.0,0.0,-2.0,0.0,2.0,0.0,-43.0,0.0
0.0,0.0,0.0,0.0,0.0,689940.0,0.0,-275286.0,953710.0,252978.0,0.0,0.0,22000.0,-1011912.0,0.0,-8657297.0,0.0
0.0,0.0,0.0,288002.0,0.0,0.0,0.0,-563085.0,0.0,0.0,0.0,0.0,45000.0,-1684843.0,505932.0,-7209531.0,0.0
173.0,0.0,0.0,0.0,20.0,0.0,0.0,0.0,0.0,0.0,-20.0,-40.0,0.0,0.0,40.0,-570.0,0.0
0.0,0.0,0.0,4.0,0.0,6.0,0.0,0.0,-1.0,0.0,0.0,-2.0,0.0,0.0,0.0,-2.0,0.0
0.0,0.0,0.0,0.0,55575596760.0,0.0,-268914763675.0,-19442261445.0,0.0,2803180224.0,-55575596760.0,0.0,1553765000.0,-47157559986.0,0.0,-95022630444.0,1939237356.0
1.0,0.0,0.0,0.0,0.0,0.0,0.0,0.0,0.0,0.0,0.0,0.0,0.0,0.0,0.0,-2.0,0.0
0.0,103491.0,0.0,0.0,137988.0,0.0,0.0,-100104.0,267356.0,0.0,-137988.0,-183984.0,8000.0,0.0,0.0,-3332092.0,0.0
0.0,0.0,0.0,57540308.0,19280160.0,0.0,0.0,-2252340.0,-4108701.0,0.0,-19280160.0,-2779320.0,180000.0,-30130474.0,0.0,0.0,0.0
680160.0,0.0,0.0,0.0,1606680.0,0.0,-6847835.0,-187695.0,0.0,90688.0,-1606680.0,-231610.0,15000.0,-362752.0,0.0,-1110928.0,22672.0
0.0,9.0,0.0,0.0,12.0,0.0,0.0,0.0,32.0,0.0,-12.0,16.0,0.0,-16.0,0.0,-280.0,0.0
0.0,0.0,0.0,-6151172.0,0.0,0.0,0.0,-6982254.0,0.0,0.0,0.0,-20857152.0,558000.0,11099854.0,0.0,-227547007.0,0.0
0.0,21.0,0.0,0.0,28.0,0.0,0.0,0.0,0.0,48.0,-28.0,-176.0,0.0,0.0,80.0,-1140.0,0.0
689233.0,0.0,0.0,0.0,0.0,0.0,8620.0,-50052.0,0.0,0.0,0.0,-91992.0,4000.0,0.0,0.0,-1574054.0,0.0
0.0,0.0,0.0,0.0,13174776.0,0.0,-53431607.0,-1539099.0,0.0,0.0,-13174776.0,-1831186.0,123000.0,-997568.0,0.0,-1088256.0,0.0
0.0,0.0,0.0,0.0,1178232.0,0.0,-5011195.0,-137643.0,-34497.0,0.0,-1178232.0,0.0,11000.0,-252978.0,0.0,0.0,0.0
0.0,0.0,0.0,621400.0,0.0,0.0,-1711586.0,-750780.0,-1541843.0,0.0,0.0,-1690580.0,60000.0,0.0,0.0,0.0,0.0
0.0,0.0,0.0,8.0,0.0,24.0,0.0,0.0,0.0,0.0,0.0,-8.0,0.0,0.0,4.0,-65.0,0.0
0.0,0.0,0.0,616.0,15.0,0.0,864.0,0.0,0.0,0.0,-15.0,0.0,0.0,-308.0,0.0,-336.0,0.0
0.0,0.0,0.0,0.0,2989740.0,0.0,0.0,-2277366.0,6703295.0,1839840.0,-2989740.0,-7865316.0,182000.0,0.0,0.0,-71619457.0,0.0
20.0,0.0,0.0,14.0,5.0,0.0,0.0,0.0,-4.0,0.0,-5.0,-7.0,0.0,0.0,0.0,0.0,0.0
0.0,0.0,0.0,0.0,0.0,0.0,0.0,-25026.0,66839.0,137988.0,0.0,-321972.0,2000.0,0.0,0.0,-1867933.0,0.0
0.0,0.0,0.0,0.0,0.0,0.0,62.0,0.0,20.0,0.0,0.0,-22.0,0.0,22.0,0.0,-451.0,0.0
30.0,0.0,0.0,16.0,3.0,0.0,0.0,0.0,0.0,4.0,-3.0,0.0,0.0,-16.0,0.0,-48.0,0.0
0.0,0.0,0.0,186.0,0.0,0.0,0.0,0.0,0.0,372.0,0.0,-1056.0,0.0,0.0,0.0,-3577.0,73.0
0.0,0.0,0.0,0.0,0.0,0.0,-17045473656.0,-10577113770.0,-5040113873.0,0.0,0.0,-10653133560.0,845290000.0,-8786845860.0,0.0,-61132322225.0,0.0
0.0,0.0,0.0,3215502.0,926465.0,0.0,0.0,-750780.0,-1045152.0,0.0,-926465.0,-2223491.0,60000.0,-764140.0,0.0,0.0,0.0
0.0,0.0,0.0,33640.0,0.0,0.0,-736177.0,-187695.0,-236996.0,0.0,0.0,0.0,15000.0,-361790.0,0.0,0.0,0.0
0.0,0.0,0.0,0.0,14615120.0,0.0,23384192.0,-32583852.0,0.0,0.0,-14615120.0,-81421480.0,2604000.0,-33163676.0,54698364.0,-779451687.0,0.0
30.0,0.0,0.0,0.0,0.0,0.0,-3.0,0.0,0.0,0.0,0.0,0.0,0.0,-3.0,0.0,-49.0,1.0
0.0,0.0,0.0,0.0,13174776.0,0.0,-53431607.0,-1539099.0,0.0,0.0,-13174776.0,-1899202.0,123000.0,-997568.0,0.0,-1110928.0,22672.0
0.0,0.0,0.0,0.0,6105384.0,0.0,-26021773.0,-713241.0,-68016.0,385424.0,-6105384.0,-880118.0,57000.0,-1201616.0,0.0,0.0,0.0
0.0,0.0,0.0,0.0,0.0,18.0,0.0,0.0,9.0,0.0,0.0,-6.0,0.0,0.0,0.0,-104.0,2.0
0.0,0.0,0.0,0.0,504148870440.0,0.0,-2148734209805.0,-60597668601.0,0.0,34625335888.0,-504148870440.0,-72675280630.0,4842777000.0,-107949576592.0,0.0,-53530428432.0,0.0
0.0,0.0,0.0,0.0,0.0,0.0,0.0,-3378510.0,0.0,0.0,0.0,-4168980.0,270000.0,-5662146.0,2540148.0,-53861903.0,360506.0
0.0,0.0,0.0,0.0,0.0,0.0,-397614.0,-112617.0,-151194.0,0.0,0.0,-102453.0,9000.0,-114621.0,0.0,-164836.0,3364.0
0.0,0.0,0.0,10204943812880.0,1732071733920.0,0.0,0.0,-305167819806.0,0.0,2706831392738.0,-1732071733920.0,-249685770840.0,24388062000.0,-10827325570952.0,0.0,-3233658621927.0,0.0
0.0,0.0,0.0,133678.0,0.0,0.0,0.0,-12513.0,0.0,269511.0,0.0,-628859.0,1000.0,0.0,0.0,-2504683.0,0.0
0.0,0.0,0.0,0.0,248013872856.0,0.0,-1057060571507.0,-41739651639.0,-11470490304.0,2763444736.0,-248013872856.0,-35752292362.0,3335703000.0,-46489094704.0,0.0,0.0,0.0
0.0,0.0,0.0,438335416.0,77120640.0,0.0,0.0,-9009360.0,0.0,120521896.0,-77120640.0,-11117280.0,720000.0,-482087584.0,16434804.0,-234195957.0,0.0
210.0,0.0,0.0,0.0,5.0,0.0,8.0,0.0,0.0,0.0,-5.0,0.0,0.0,-28.0,28.0,-511.0,0.0
0.0,0.0,0.0,0.0,0.0,0.0,-456244.0,-187695.0,-32962.0,0.0,0.0,77675.0,15000.0,-422645.0,0.0,-1242800.0,0.0
0.0,0.0,0.0,0.0,180162384.0,0.0,-2395809832.0,-452707827.0,-656891874.0,0.0,-180162384.0,-392702349.0,36179000.0,-439342293.0,0.0,0.0,0.0
0.0,0.0,0.0,5349512.0,0.0,0.0,0.0,-2327418.0,-5549927.0,0.0,0.0,-6952384.0,186000.0,0.0,0.0,0.0,0.0
0.0,0.0,0.0,0.0,286601185080.0,0.0,-1221523655135.0,-36885558627.0,0.0,28514982496.0,-286601185080.0,-71866590370.0,2947779000.0,-52956396064.0,0.0,-107060856864.0,0.0
0.0,0.0,0.0,82.0,0.0,120.0,0.0,0.0,0.0,0.0,0.0,0.0,0.0,-44.0,0.0,-49.0,1.0
0.0,0.0,0.0,793934.0,0.0,0.0,0.0,-563085.0,0.0,0.0,0.0,252966.0,45000.0,-1684843.0,0.0,-4047456.0,0.0
0.0,0.0,0.0,-5522658.0,0.0,0.0,-10269516.0,-4504680.0,0.0,0.0,0.0,-10143480.0,360000.0,0.0,0.0,-75550307.0,1541843.0
0.0,0.0,0.0,0.0,1.9859333888657616e+16,0.0,-1.3074981751952064e+17,-9.341673950610035e+16,0.0,0.0,-1.9859333888657616e+16,-1.0429249697906006e+17,7465574962527000.0,-6.740079600913587e+16,0.0,-8.07617904448354e+17,0.0
0.0,0.0,0.0,192725430390.0,83230836205.0,0.0,0.0,-93603796812.0,0.0,0.0,-83230836205.0,-199751760967.0,7480524000.0,-68648045180.0,0.0,-822562843104.0,0.0
0.0,0.0,0.0,0.0,0.0,0.0,1379880.0,-275286.0,919213.0,0.0,0.0,0.0,22000.0,-505956.0,0.0,-8657297.0,0.0
4.0,0.0,0.0,0.0,0.0,0.0,0.0,0.0,0.0,4.0,0.0,-8.0,0.0,-4.0,4.0,-57.0,0.0
0.0,0.0,0.0,1037710.0,0.0,0.0,0.0,-563085.0,0.0,121888.0,0.0,252966.0,45000.0,-2050507.0,0.0,-4047456.0,0.0
0.0,0.0,0.0,197291624.0,77120640.0,0.0,0.0,-9009360.0,0.0,0.0,-77120640.0,-11117280.0,720000.0,-120521896.0,16434804.0,-234195957.0,0.0
0.0,0.0,0.0,-137988.0,321336.0,0.0,-1369567.0,-37539.0,92644.0,0.0,-321336.0,0.0,3000.0,0.0,0.0,-741152.0,0.0
0.0,0.0,0.0,0.0,0.0,0.0,0.0,-86995180992.0,0.0,0.0,0.0,-144908539712.0,6952384000.0,-14982387520.0,0.0,-1037288206541.0,0.0
0.0,0.0,0.0,2.0,0.0,0.0,0.0,0.0,0.0,0.0,0.0,0.0,0.0,-4.0,0.0,-49.0,1.0
0.0,1.0,0.0,4.0,2.0,0.0,0.0,0.0,0.0,0.0,-2.0,-2.0,0.0,0.0,0.0,0.0,0.0
0.0,0.0,0.0,0.0,2570688.0,0.0,0.0,-300312.0,3387014.0,0.0,-2570688.0,0.0,24000.0,-4560908.0,4008956.0,-57127623.0,0.0
0.0,0.0,0.0,0.0,919920.0,0.0,-6703295.0,-700728.0,0.0,3144295.0,-919920.0,-7576478.0,56000.0,0.0,0.0,-22036756.0,0.0
680160.0,0.0,0.0,0.0,321336.0,0.0,-1369567.0,-37539.0,0.0,0.0,-321336.0,21694.0,3000.0,-90688.0,0.0,-1088256.0,0.0
0.0,0.0,0.0,0.0,208846870488.0,0.0,-890126789011.0,-37164098007.0,-11470490304.0,0.0,-208846870488.0,-30106196426.0,2970039000.0,-38198760496.0,0.0,0.0,0.0
29484.0,0.0,0.0,0.0,0.0,0.0,-109304.0,-150156.0,0.0,0.0,0.0,0.0,12000.0,-416788.0,140812.0,-2006571.0,0.0
0.0,0.0,0.0,0.0,1606680.0,0.0,-6847835.0,-187695.0,0.0,158704.0,-1606680.0,-401650.0,15000.0,-294736.0,0.0,-555464.0,11336.0
172485.0,0.0,0.0,0.0,214224.0,0.0,-967576.0,-25026.0,0.0,22998.0,-214224.0,0.0,2000.0,-91992.0,0.0,-275976.0,0.0
0.0,0.0,0.0,2756932.0,0.0,0.0,5569894.0,-325338.0,0.0,0.0,0.0,-1976414.0,26000.0,0.0,0.0,-10231351.0,0.0
1347555.0,0.0,0.0,442720.0,0.0,0.0,0.0,-75078.0,0.0,179674.0,0.0,0.0,6000.0,-718696.0,0.0,-2361081.0,0.0
0.0,0.0,0.0,-65167947182.0,0.0,0.0,-142836517824.0,-27066332241.0,0.0,0.0,0.0,0.0,2163057000.0,-17162011295.0,0.0,-320911046277.0,0.0
0.0,0.0,0.0,0.0,0.0,0.0,0.0,-2327418.0,-1537793.0,0.0,0.0,-6952384.0,186000.0,2674756.0,0.0,-54832498.0,0.0
0.0,2.0,0.0,0.0,4.0,0.0,-13.0,0.0,0.0,5.0,-4.0,-14.0,0.0,0.0,4.0,-57.0,0.0
0.0,0.0,0.0,0.0,15761020.0,0.0,-51055225.0,-1201248.0,0.0,19636625.0,-15761020.0,-57190358.0,96000.0,0.0,15709300.0,-223857525.0,0.0
463220.0,0.0,0.0,-137988.0,321336.0,0.0,-1554855.0,-37539.0,0.0,0.0,-321336.0,0.0,3000.0,0.0,0.0,-741152.0,0.0
0.0,42.0,0.0,0.0,84.0,0.0,0.0,0.0,0.0,248.0,-84.0,-788.0,0.0,0.0,292.0,-4161.0,0.0
0.0,0.0,0.0,-4303172.0,0.0,0.0,-5134758.0,-2252340.0,0.0,0.0,0.0,-5071740.0,180000.0,3083686.0,0.0,-63215563.0,0.0
0.0,0.0,0.0,-6.0,0.0,0.0,-12.0,0.0,0.0,0.0,0.0,0.0,0.0,0.0,0.0,-49.0,1.0
0.0,0.0,0.0,-138705831592.0,0.0,0.0,-258730739674.0,-108470717346.0,0.0,0.0,0.0,-130008512920.0,8668642000.0,0.0,0.0,-1290103315697.0,0.0
0.0,0.0,0.0,0.0,0.0,0.0,-1524054462.0,-452707827.0,-581338957.0,0.0,0.0,-392702349.0,36179000.0,-439342293.0,0.0,-661889707.0,0.0
0.0,45.0,0.0,164.0,60.0,0.0,0.0,0.0,0.0,0.0,-60.0,0.0,0.0,-88.0,0.0,-98.0,2.0
30.0,0.0,0.0,10.0,0.0,0.0,0.0,0.0,0.0,4.0,0.0,0.0,0.0,-16.0,0.0,-49.0,1.0
0.0,0.0,0.0,0.0,14982387520.0,0.0,0.0,-347980723968.0,0.0,0.0,-14982387520.0,-639563708928.0,27809536000.0,0.0,0.0,-4349625130631.0,0.0
356469.0,0.0,0.0,0.0,0.0,0.0,0.0,-25026.0,-2155.0,0.0,0.0,-45996.0,2000.0,0.0,0.0,-787027.0,0.0
0.0,0.0,0.0,0.0,1919982600.0,0.0,-8829464809.0,-551635605.0,-455686272.0,0.0,-1919982600.0,-680701790.0,44085000.0,-333165040.0,0.0,0.0,0.0
0.0,0.0,0.0,0.0,38560320.0,0.0,0.0,-4504680.0,49322906.0,0.0,-38560320.0,-5558640.0,360000.0,-60260948.0,57540308.0,-819949389.0,0.0
0.0,0.0,0.0,44.0,0.0,62.0,0.0,0.0,-13.0,0.0,0.0,-22.0,0.0,0.0,0.0,0.0,0.0
0.0,0.0,0.0,0.0,1178232.0,0.0,-5321668.0,-137643.0,0.0,126489.0,-1178232.0,0.0,11000.0,-505956.0,0.0,-137988.0,0.0
0.0,45.0,0.0,176.0,60.0,0.0,0.0,0.0,-12.0,0.0,-60.0,0.0,0.0,-88.0,0.0,0.0,0.0
30.0,0.0,0.0,-6.0,0.0,0.0,-12.0,0.0,0.0,0.0,0.0,0.0,0.0,0.0,0.0,-49.0,1.0
0.0,0.0,0.0,-9027906.0,0.0,0.0,-17280012.0,-4504680.0,0.0,0.0,0.0,-8682960.0,360000.0,0.0,0.0,-80321339.0,1639211.0
0.0,0.0,0.0,0.0,15424235112.0,0.0,-74633558285.0,-14751713343.0,0.0,0.0,-15424235112.0,0.0,1178911000.0,-38748019314.0,11635424136.0,-165804793938.0,0.0
0.0,0.0,0.0,0.0,8319924600.0,0.0,-48780524203.0,-5288556885.0,-6009101424.0,0.0,-8319924600.0,-5326566780.0,422645000.0,-4393422930.0,0.0,0.0,0.0
0.0,0.0,0.0,-1431242.0,0.0,0.0,-3179904.0,-375390.0,0.0,0.0,0.0,407751.0,30000.0,-382070.0,0.0,-6524016.0,0.0
689233.0,0.0,0.0,0.0,0.0,8620.0,0.0,-50052.0,0.0,0.0,0.0,-91992.0,4000.0,0.0,0.0,-1574054.0,0.0
15.0,0.0,0.0,0.0,0.0,0.0,0.0,0.0,1.0,0.0,0.0,2.0,0.0,-2.0,0.0,-32.0,0.0
0.0,0.0,0.0,0.0,900811920.0,0.0,-12145589177.0,-2263539135.0,-2951379336.0,0.0,-900811920.0,-1130811660.0,180895000.0,-3029411550.0,0.0,0.0,0.0
0.0,0.0,0.0,31070.0,0.0,0.0,-79448.0,-37539.0,-41596.0,0.0,0.0,-19668.0,3000.0,-64861.0,0.0,0.0,0.0
0.0,0.0,0.0,0.0,56559956040.0,0.0,-243827780241.0,-10862848125.0,-3823496768.0,0.0,-56559956040.0,-8153366830.0,868125000.0,-11811771920.0,0.0,0.0,0.0
0.0,93.0,0.0,0.0,124.0,0.0,0.0,0.0,160.0,0.0,-124.0,-176.0,0.0,176.0,0.0,-3608.0,0.0
0.0,0.0,0.0,0.0,4278965.0,0.0,0.0,-3003120.0,8299330.0,0.0,-4278965.0,-12752871.0,240000.0,0.0,0.0,-118144733.0,2411117.0
0.0,0.0,0.0,0.0,4391592.0,0.0,-18489925.0,-513033.0,0.0,0.0,-4391592.0,68994.0,41000.0,-1011912.0,0.0,-1103904.0,0.0
1315230.0,0.0,0.0,0.0,0.0,0.0,0.0,-50052.0,0.0,0.0,0.0,0.0,4000.0,-175364.0,83372.0,-2762105.0,0.0
0.0,0.0,0.0,0.0,0.0,0.0,-1209018.0,-675702.0,0.0,0.0,0.0,-275079.0,54000.0,-1325388.0,0.0,-5856725.0,119525.0
0.0,0.0,0.0,228046.0,76180.0,0.0,0.0,-187695.0,0.0,0.0,-76180.0,-106652.0,15000.0,-520985.0,168644.0,-2403177.0,0.0
0.0,0.0,0.0,0.0,1663984920.0,0.0,-9878702579.0,-1057711377.0,-956624808.0,0.0,-1663984920.0,-452324664.0,84529000.0,-1491673278.0,0.0,0.0,0.0
0.0,0.0,0.0,0.0,215031273640.0,0.0,-732296222550.0,-742237900446.0,0.0,0.0,-215031273640.0,-1364180231316.0,59317342000.0,0.0,0.0,-8494304495327.0,0.0
0.0,0.0,0.0,4.0,0.0,0.0,6.0,0.0,-1.0,0.0,0.0,-2.0,0.0,0.0,0.0,-2.0,0.0
0.0,0.0,0.0,-32992602.0,0.0,0.0,-65209404.0,-4504680.0,0.0,0.0,0.0,0.0,360000.0,0.0,0.0,-134211343.0,2739007.0
0.0,0.0,0.0,0.0,19404069445860.0,0.0,-26887817949800.0,-13273136320464.0,0.0,0.0,-19404069445860.0,-48616350488444.0,1060747728000.0,0.0,24221274239900.0,-345153157918575.0,0.0
0.0,0.0,0.0,0.0,1919982600.0,0.0,-8929414321.0,-551635605.0,-672243548.0,0.0,-1919982600.0,-1013866830.0,44085000.0,0.0,0.0,0.0,0.0
0.0,0.0,0.0,1125198.0,926465.0,0.0,0.0,-750780.0,0.0,0.0,-926465.0,-2223491.0,60000.0,-764140.0,1045152.0,-14893416.0,0.0
0.0,0.0,0.0,0.0,601245.0,0.0,0.0,-13964508.0,0.0,0.0,-601245.0,-42245727.0,1116000.0,0.0,0.0,-270805997.0,5526653.0
210.0,0.0,0.0,112.0,15.0,24.0,0.0,0.0,0.0,28.0,-15.0,0.0,0.0,-112.0,0.0,-336.0,0.0
0.0,0.0,0.0,0.0,3006225.0,0.0,4809960.0,-97751556.0,0.0,0.0,-3006225.0,-296208843.0,7812000.0,0.0,0.0,-1903624961.0,38849489.0
0.0,0.0,0.0,331545735940.0,115471448928.0,0.0,0.0,-21271924818.0,0.0,0.0,-115471448928.0,0.0,1699986000.0,-204869145998.0,0.0,-244742573217.0,0.0
0.0,0.0,0.0,0.0,0.0,0.0,14982387520.0,-86995180992.0,0.0,0.0,0.0,-159890927232.0,6952384000.0,0.0,0.0,-1108522020311.0,0.0
210.0,0.0,0.0,56.0,15.0,0.0,24.0,0.0,0.0,0.0,-15.0,0.0,0.0,-28.0,0.0,-336.0,0.0
0.0,808533.0,0.0,2138848.0,1078044.0,0.0,0.0,-200208.0,0.0,0.0,-1078044.0,-1437392.0,16000.0,0.0,0.0,-7733608.0,0.0
0.0,0.0,0.0,-3367019554.0,0.0,0.0,-40987592228.0,-21574651827.0,0.0,0.0,0.0,0.0,1724179000.0,-37969158865.0,0.0,-148206628424.0,0.0
0.0,0.0,0.0,-440352.0,0.0,0.0,-736177.0,-187695.0,0.0,0.0,0.0,0.0,15000.0,-361790.0,236996.0,-3377193.0,0.0
0.0,0.0,0.0,0.0,1178232.0,0.0,-4942201.0,-137643.0,0.0,0.0,-1178232.0,0.0,11000.0,-252978.0,0.0,-275976.0,0.0
0.0,0.0,0.0,8.0,0.0,0.0,18.0,0.0,0.0,0.0,0.0,-6.0,0.0,2.0,0.0,-47.0,0.0
44792770.0,0.0,0.0,0.0,3940255.0,0.0,-16261252.0,-300312.0,0.0,0.0,-3940255.0,0.0,24000.0,-551952.0,0.0,-71668432.0,0.0
134378310.0,0.0,0.0,68356720.0,11820765.0,0.0,0.0,-900936.0,0.0,17917108.0,-11820765.0,0.0,72000.0,-71668432.0,0.0,-215005296.0,0.0
0.0,0.0,0.0,0.0,0.0,0.0,0.0,-37539.0,0.0,180253.0,0.0,-406828.0,3000.0,-219132.0,196460.0,-2799555.0,0.0
60.0,2.0,0.0,0.0,4.0,0.0,0.0,0.0,0.0,0.0,-4.0,-4.0,0.0,-8.0,12.0,-171.0,0.0
0.0,517455.0,0.0,0.0,689940.0,0.0,0.0,-1101144.0,3814840.0,1011912.0,-689940.0,0.0,88000.0,-4047648.0,0.0,-34629188.0,0.0
0.0,0.0,0.0,0.0,3534696.0,0.0,-14385077.0,-412929.0,-34008.0,0.0,-3534696.0,-509542.0,33000.0,-249392.0,0.0,0.0,0.0
0.0,0.0,0.0,0.0,901265.0,1442024.0,0.0,-3941595.0,0.0,0.0,-901265.0,-6125581.0,315000.0,-6605837.0,5487048.0,-78190434.0,0.0
0.0,1096134.0,0.0,0.0,1461512.0,0.0,0.0,-1351404.0,0.0,0.0,-1461512.0,-4602712.0,108000.0,-1375452.0,3494380.0,-49794915.0,0.0
0.0,0.0,0.0,-367968.0,0.0,0.0,-1167881.0,-100104.0,0.0,449185.0,0.0,-898370.0,8000.0,0.0,0.0,-3148108.0,0.0
0.0,0.0,0.0,3106508.0,964008.0,0.0,-4108701.0,-112617.0,0.0,1574948.0,-964008.0,0.0,9000.0,-4910132.0,0.0,-2223456.0,0.0
0.0,0.0,0.0,-669072.0,0.0,0.0,-2031519.0,-563085.0,0.0,0.0,0.0,-295020.0,45000.0,-790350.0,0.0,-6288268.0,128332.0
0.0,0.0,0.0,0.0,0.0,151792.0,0.0,-150156.0,0.0,0.0,0.0,-185288.0,12000.0,-307308.0,216620.0,-3086835.0,0.0
0.0,0.0,0.0,24897990.0,12836895.0,0.0,0.0,-9009360.0,0.0,0.0,-12836895.0,-38258613.0,720000.0,0.0,0.0,-151100614.0,3083686.0
0.0,0.0,0.0,0.0,3559438872.0,0.0,-15170693659.0,-1397839743.0,0.0,0.0,-3559438872.0,-513108794.0,111711000.0,-2938366192.0,882345408.0,-12573422064.0,0.0
0.0,0.0,0.0,26.0,0.0,0.0,0.0,0.0,-12.0,15.0,0.0,-30.0,0.0,-13.0,0.0,0.0,0.0
0.0,0.0,0.0,0.0,9821420616.0,0.0,-50326286729.0,-5463964119.0,0.0,0.0,-9821420616.0,0.0,436663000.0,-11981613030.0,0.0,-31674210148.0,646412452.0
0.0,0.0,0.0,8707234.0,1285344.0,0.0,0.0,-150156.0,0.0,2556453.0,-1285344.0,0.0,12000.0,-9742499.0,0.0,-2964608.0,0.0
0.0,0.0,0.0,0.0,0.0,0.0,-13153579597.0,-7896691527.0,0.0,0.0,0.0,0.0,631079000.0,-14513554842.0,0.0,-53477697623.0,0.0
0.0,0.0,0.0,793934.0,0.0,0.0,0.0,-563085.0,0.0,0.0,0.0,0.0,45000.0,-1684843.0,0.0,-4131778.0,84322.0
0.0,45.0,0.0,328.0,60.0,0.0,0.0,0.0,0.0,88.0,-60.0,0.0,0.0,-352.0,12.0,-171.0,0.0
0.0,0.0,0.0,0.0,0.0,1379880.0,0.0,-275286.0,919213.0,0.0,0.0,0.0,22000.0,-505956.0,0.0,-8657297.0,0.0
689940.0,0.0,0.0,0.0,214224.0,0.0,-1036570.0,-25026.0,0.0,91992.0,-214224.0,0.0,2000.0,-367968.0,137988.0,-1966329.0,0.0
0.0,0.0,0.0,0.0,0.0,0.0,-19681527414.0,-10577113770.0,-10751563682.0,0.0,0.0,-19439979420.0,845290000.0,0.0,0.0,-61132322225.0,0.0
0.0,0.0,0.0,-32951096.0,0.0,0.0,-43472936.0,-3003120.0,0.0,0.0,0.0,0.0,240000.0,0.0,10956028.0,-156123399.0,0.0
0.0,0.0,0.0,8569864.0,1285344.0,0.0,0.0,-150156.0,-310971.0,2280454.0,-1285344.0,0.0,12000.0,-9121816.0,0.0,0.0,0.0
0.0,0.0,0.0,0.0,1.6945561022327565e+17,0.0,-6.038802252890456e+17,-4.293452175654591e+17,0.0,0.0,-1.6945561022327565e+17,-7.891058350172161e+17,3.4311932994922e+16,0.0,0.0,-4.765699200301444e+18,0.0
2756932.0,6465.0,0.0,0.0,8620.0,0.0,0.0,-200208.0,0.0,0.0,-8620.0,-367968.0,16000.0,0.0,0.0,-6296216.0,0.0
0.0,0.0,0.0,0.0,11820765.0,0.0,0.0,-900936.0,23563950.0,0.0,-11820765.0,-13437831.0,72000.0,0.0,0.0,-192438925.0,3927325.0
0.0,0.0,0.0,0.0,0.0,124.0,0.0,0.0,18.0,0.0,0.0,-44.0,0.0,0.0,44.0,-627.0,0.0
0.0,0.0,0.0,741284027936.0,115471448928.0,0.0,0.0,-21271924818.0,0.0,204869145998.0,-115471448928.0,0.0,1699986000.0,-819476583992.0,0.0,-244742573217.0,0.0
0.0,0.0,0.0,0.0,0.0,0.0,186.0,0.0,93.0,0.0,0.0,-66.0,0.0,0.0,0.0,-1078.0,22.0
18.0,3.0,0.0,0.0,4.0,0.0,0.0,0.0,0.0,0.0,-4.0,-8.0,0.0,0.0,8.0,-114.0,0.0
80.0,3.0,0.0,0.0,4.0,0.0,0.0,0.0,0.0,0.0,-4.0,-16.0,0.0,16.0,0.0,-328.0,0.0
0.0,27.0,0.0,64.0,36.0,0.0,0.0,0.0,0.0,0.0,-36.0,-48.0,0.0,16.0,0.0,-376.0,0.0
0.0,0.0,0.0,0.0,38560320.0,0.0,0.0,-4504680.0,54881546.0,0.0,-38560320.0,0.0,360000.0,-60260948.0,51981668.0,-829677009.0,0.0
0.0,0.0,0.0,4.0,0.0,0.0,0.0,0.0,-3.0,0.0,0.0,0.0,0.0,-2.0,0.0,0.0,0.0
0.0,0.0,0.0,-360506.0,0.0,0.0,0.0,-563085.0,0.0,0.0,0.0,-694830.0,45000.0,-943691.0,783864.0,-11170062.0,0.0
0.0,0.0,0.0,18.0,0.0,0.0,36.0,0.0,0.0,0.0,0.0,-12.0,0.0,0.0,0.0,-61.0,1.0
0.0,0.0,0.0,0.0,0.0,0.0,-615929.0,-100104.0,0.0,449185.0,0.0,-898370.0,8000.0,-183984.0,0.0,-3148108.0,0.0
3144295.0,0.0,0.0,0.0,229980.0,0.0,-889750.0,-175182.0,0.0,0.0,-229980.0,-321972.0,14000.0,0.0,0.0,-5509189.0,0.0
0.0,0.0,0.0,-13546602.0,0.0,0.0,-26317404.0,-4504680.0,0.0,0.0,0.0,-6945000.0,360000.0,0.0,0.0,-88837343.0,1813007.0
0.0,0.0,0.0,-1431242.0,0.0,0.0,-3179904.0,-375390.0,0.0,0.0,0.0,0.0,30000.0,-382070.0,0.0,-6659933.0,135917.0
0.0,0.0,0.0,16517786.0,2570688.0,0.0,0.0,-300312.0,0.0,4560908.0,-2570688.0,0.0,24000.0,-18243632.0,0.0,-5079193.0,103657.0
0.0,0.0,0.0,0.0,6105384.0,0.0,-26021773.0,-713241.0,1553254.0,1172898.0,-6105384.0,0.0,57000.0,-3656682.0,0.0,-14081888.0,0.0
0.0,0.0,0.0,0.0,0.0,0.0,0.0,0.0,0.0,0.0,0.0,-3.0,0.0,0.0,0.0,-49.0,1.0
0.0,1069407.0,0.0,0.0,1425876.0,0.0,0.0,-1101144.0,2756932.0,0.0,-1425876.0,-2023824.0,88000.0,0.0,0.0,-34629188.0,0.0
0.0,0.0,0.0,0.0,13806645.0,0.0,-49795980.0,-31532760.0,0.0,0.0,-13806645.0,-90333663.0,2520000.0,0.0,0.0,-528852149.0,10792901.0
31.0,0.0,0.0,0.0,0.0,0.0,0.0,0.0,-4.0,0.0,0.0,-4.0,0.0,0.0,4.0,-57.0,0.0
0.0,15789.0,0.0,0.0,31578.0,0.0,-476688.0,-225234.0,0.0,0.0,-31578.0,-149586.0,18000.0,-389166.0,0.0,-2038204.0,41596.0
0.0,0.0,0.0,0.0,14204561380.0,0.0,0.0,-24922817802.0,32120905065.0,0.0,-14204561380.0,-34090564012.0,1991754000.0,-11715794480.0,0.0,-421781148759.0,0.0
0.0,0.0,0.0,0.0,0.0,0.0,0.0,-475494.0,1568915.0,781932.0,0.0,0.0,38000.0,-2437788.0,0.0,-14953513.0,0.0
0.0,517455.0,0.0,0.0,689940.0,0.0,0.0,-550572.0,1838426.0,0.0,-689940.0,0.0,44000.0,-1011912.0,0.0,-17314594.0,0.0
0.0,0.0,0.0,0.0,41272985.0,0.0,0.0,-3303432.0,85297246.0,0.0,-41272985.0,0.0,264000.0,-6071472.0,0.0,-689001392.0,0.0
0.0,0.0,0.0,0.0,166726790280.0,0.0,-710606685785.0,-32243560965.0,0.0,2763444736.0,-166726790280.0,-24034401310.0,2576805000.0,-46489094704.0,0.0,-93675670816.0,1911748384.0
0.0,0.0,0.0,0.0,0.0,0.0,-1111758.0,-563085.0,-317814.0,0.0,0.0,-694830.0,45000.0,-573105.0,0.0,-3806075.0,77675.0
0.0,0.0,0.0,0.0,229980.0,0.0,0.0,-175182.0,628859.0,367968.0,-229980.0,-1057908.0,14000.0,0.0,0.0,-8452933.0,0.0
0.0,0.0,0.0,385524.0,148965.0,0.0,0.0,-112617.0,0.0,0.0,-148965.0,-267555.0,9000.0,-194583.0,0.0,-1019102.0,20798.0
0.0,3.0,0.0,0.0,6.0,0.0,-39.0,0.0,0.0,15.0,-6.0,-36.0,0.0,0.0,0.0,-98.0,2.0
0.0,0.0,0.0,134560.0,0.0,0.0,-2880002.0,-750780.0,-1639211.0,0.0,0.0,-1447160.0,60000.0,0.0,0.0,0.0,0.0
14527204155.0,0.0,0.0,0.0,6697606248.0,0.0,-28545884981.0,-1053882399.0,0.0,0.0,-6697606248.0,0.0,84223000.0,-1936960554.0,0.0,-23984713005.0,0.0
0.0,0.0,0.0,-4493488.0,0.0,0.0,-6359808.0,-750780.0,0.0,0.0,0.0,0.0,60000.0,-764140.0,1631004.0,-23241807.0,0.0
210.0,0.0,0.0,80.0,15.0,0.0,0.0,0.0,0.0,20.0,-15.0,0.0,0.0,-80.0,0.0,-336.0,0.0
0.0,0.0,0.0,0.0,0.0,0.0,0.0,-75078.0,0.0,388306.0,0.0,-1102288.0,6000.0,0.0,187688.0,-5035635.0,0.0
0.0,0.0,0.0,0.0,9104520.0,0.0,-41294465.0,-1063605.0,0.0,1011912.0,-9104520.0,0.0,85000.0,-4047648.0,0.0,-1126902.0,22998.0
1796740.0,0.0,0.0,889750.0,449185.0,0.0,0.0,-100104.0,0.0,0.0,-449185.0,-628859.0,8000.0,0.0,0.0,-3148108.0,0.0
0.0,27.0,0.0,0.0,36.0,0.0,0.0,0.0,72.0,0.0,-36.0,-48.0,0.0,0.0,0.0,-832.0,16.0
60.0,0.0,0.0,30.0,15.0,0.0,0.0,0.0,0.0,0.0,-15.0,-21.0,0.0,0.0,0.0,-98.0,2.0
0.0,0.0,0.0,0.0,6105384.0,0.0,-24661453.0,-713241.0,0.0,0.0,-6105384.0,-880118.0,57000.0,-498784.0,68016.0,-969228.0,0.0
0.0,0.0,0.0,0.0,0.0,0.0,-1711586.0,-750780.0,-1231143.0,0.0,0.0,-1690580.0,60000.0,0.0,310700.0,-4427475.0,0.0
0.0,0.0,0.0,2170350.0,926465.0,0.0,0.0,-750780.0,0.0,0.0,-926465.0,-2223491.0,60000.0,-764140.0,0.0,-8535408.0,174192.0
80.0,0.0,0.0,0.0,20.0,0.0,0.0,0.0,12.0,0.0,-20.0,-28.0,0.0,0.0,28.0,-399.0,0.0
0.0,0.0,0.0,39990073322.0,0.0,0.0,0.0,-153432741771.0,0.0,0.0,0.0,-195588983898.0,12261867000.0,-106404470029.0,0.0,-1537467475851.0,0.0
0.0,8354841.0,0.0,22055456.0,11139788.0,0.0,0.0,-2602704.0,0.0,0.0,-11139788.0,-15811312.0,208000.0,0.0,0.0,-81850808.0,0.0
0.0,601245.0,0.0,0.0,1202490.0,0.0,0.0,-27929016.0,0.0,0.0,-1202490.0,-84631098.0,2232000.0,0.0,0.0,-543892846.0,11099854.0
0.0,0.0,0.0,-52122.0,0.0,0.0,-79448.0,-37539.0,0.0,0.0,0.0,-19668.0,3000.0,-64861.0,41596.0,-592743.0,0.0
0.0,0.0,0.0,0.0,0.0,0.0,18.0,0.0,9.0,0.0,0.0,-6.0,0.0,0.0,0.0,-104.0,2.0
0.0,0.0,0.0,0.0,1285344.0,0.0,0.0,-150156.0,3697985.0,0.0,-1285344.0,2004478.0,12000.0,-2280454.0,0.0,-32071648.0,0.0
0.0,0.0,0.0,0.0,0.0,0.0,0.0,-563085.0,793934.0,0.0,0.0,649933.0,45000.0,-1684843.0,0.0,-10398928.0,0.0
0.0,0.0,0.0,-9849144.0,0.0,0.0,-6846344.0,-3003120.0,0.0,0.0,0.0,-6762320.0,240000.0,0.0,6167372.0,-87885051.0,0.0
0.0,0.0,0.0,0.0,7069392.0,0.0,-28060654.0,-825858.0,1934677.0,758934.0,-7069392.0,0.0,66000.0,-3035736.0,0.0,-16305344.0,0.0
0.0,0.0,1.0,0.0,0.0,0.0,0.0,0.0,0.0,0.0,0.0,0.0,0.0,0.0,0.0,-1.0,0.0
5.0,0.0,0.0,0.0,0.0,0.0,0.0,0.0,0.0,4.0,0.0,-12.0,0.0,4.0,0.0,-82.0,0.0
0.0,0.0,0.0,0.0,0.0,0.0,0.0,-325338.0,891905.0,643944.0,0.0,-689940.0,26000.0,-1195896.0,0.0,-10231351.0,0.0
689940.0,0.0,0.0,0.0,107112.0,0.0,-518285.0,-12513.0,0.0,0.0,-107112.0,68994.0,1000.0,-91992.0,0.0,-1103904.0,0.0
0.0,9.0,0.0,24.0,12.0,0.0,0.0,0.0,0.0,0.0,-12.0,-12.0,0.0,0.0,0.0,-80.0,0.0
31.0,0.0,0.0,8.0,0.0,0.0,0.0,0.0,-8.0,0.0,0.0,-4.0,0.0,0.0,0.0,0.0,0.0
0.0,0.0,0.0,0.0,153230678280.0,0.0,-637808988305.0,-18113430897.0,0.0,5601157276.0,-153230678280.0,-22088877310.0,1447569000.0,-22404629104.0,0.0,-6691303554.0,0.0
0.0,0.0,0.0,0.0,986680.0,0.0,-3927325.0,-112617.0,0.0,0.0,-986680.0,-206982.0,9000.0,0.0,0.0,0.0,0.0
0.0,0.0,0.0,0.0,55575596760.0,0.0,-268914763675.0,-19442261445.0,0.0,2803180224.0,-55575596760.0,5817712068.0,1553765000.0,-47157559986.0,0.0,-93083393088.0,0.0
93.0,0.0,0.0,-8.0,0.0,0.0,0.0,0.0,0.0,0.0,0.0,-12.0,0.0,16.0,0.0,-328.0,0.0
0.0,0.0,0.0,0.0,43342805.0,0.0,8279280.0,-3303432.0,98130130.0,3035736.0,-43342805.0,0.0,264000.0,-12142944.0,0.0,-788352752.0,0.0
0.0,0.0,0.0,0.0,3761471667899688.0,0.0,-1.8200709009236964e+16,-1893983203515183.2,0.0,0.0,-3761471667899688.0,0.0,151361240591000.0,-3481005811111818.0,0.0,-9157392951483672.0,0.0
0.0,0.0,0.0,0.0,49655.0,0.0,0.0,-37539.0,43456.0,0.0,-49655.0,-89185.0,3000.0,-64861.0,85052.0,-1211991.0,0.0
0.0,0.0,0.0,0.0,0.0,0.0,0.0,-13964508.0,0.0,0.0,0.0,-26125848.0,1116000.0,-14213004.0,5904012.0,-227360347.0,2923024.0
0.0,0.0,0.0,0.0,0.0,0.0,-677173.0,-187695.0,-239844.0,0.0,0.0,-98340.0,15000.0,-263450.0,16820.0,-239685.0,0.0
15.0,0.0,0.0,-4.0,0.0,0.0,-6.0,0.0,0.0,0.0,0.0,0.0,0.0,2.0,0.0,-41.0,0.0
0.0,0.0,0.0,0.0,2588589670655016.0,0.0,-1.1281094341731308e+16,-780384392694057.0,0.0,0.0,-2588589670655016.0,-373156604688182.0,62365890889000.0,-1061134153977040.0,0.0,-3009195190828736.0,0.0
0.0,0.0,0.0,0.0,102686985555.0,0.0,-312018116600.0,-155254284207.0,0.0,0.0,-102686985555.0,-193977065997.0,12407439000.0,-254730226825.0,163361010700.0,-2327894402475.0,0.0
0.0,0.0,0.0,0.0,0.0,0.0,-7786812327.0,-2263539135.0,-2573614751.0,0.0,0.0,-1130811660.0,180895000.0,-3029411550.0,0.0,-3309448535.0,0.0
1909485435.0,0.0,0.0,0.0,4445683560.0,0.0,-18947959445.0,-625737591.0,0.0,254598058.0,-4445683560.0,-640864870.0,50007000.0,-1018392232.0,0.0,-3345651777.0,0.0
0.0,0.0,0.0,0.0,18853318680.0,0.0,-94029114499.0,-6519085305.0,-3878474712.0,0.0,-18853318680.0,0.0,520985000.0,-11981613030.0,0.0,0.0,0.0
0.0,0.0,0.0,0.0,228540.0,0.0,0.0,-563085.0,1190070.0,0.0,-228540.0,-319956.0,45000.0,-1562955.0,0.0,-13850683.0,282667.0
0.0,0.0,0.0,1231858.0,0.0,0.0,0.0,-300312.0,0.0,1347555.0,0.0,-2695110.0,24000.0,-1167881.0,0.0,-9444324.0,0.0
0.0,0.0,0.0,0.0,0.0,0.0,0.0,-41005626546.0,18171992863.0,0.0,0.0,-31959400680.0,3277042000.0,-43406011236.0,0.0,-475058154497.0,0.0
0.0,0.0,0.0,0.0,0.0,5846048.0,0.0,-1351404.0,0.0,0.0,0.0,-4602712.0,108000.0,-1375452.0,3494380.0,-49794915.0,0.0
9.0,0.0,0.0,0.0,0.0,0.0,8.0,0.0,0.0,0.0,0.0,-4.0,0.0,0.0,4.0,-57.0,0.0
27440773.0,0.0,0.0,0.0,1285344.0,0.0,0.0,-150156.0,0.0,0.0,-1285344.0,0.0,12000.0,-5667468.0,5391492.0,-79793369.0,0.0
0.0,0.0,0.0,0.0,901265.0,0.0,0.0,-2440035.0,0.0,0.0,-901265.0,-4272701.0,195000.0,-3608653.0,3396744.0,-48403602.0,0.0
0.0,45.0,0.0,0.0,60.0,0.0,0.0,0.0,164.0,88.0,-60.0,0.0,0.0,-352.0,176.0,-2508.0,0.0
0.0,0.0,0.0,0.0,57840480.0,0.0,0.0,-6757020.0,160294821.0,0.0,-57840480.0,0.0,540000.0,-90391422.0,0.0,-1406958226.0,25990834.0
0.0,0.0,0.0,0.0,0.0,0.0,0.0,-42164880918.0,35117182649.0,0.0,0.0,0.0,3369686000.0,-77496038628.0,0.0,-511514819191.0,0.0
0.0,0.0,0.0,0.0,78945.0,0.0,-1542096.0,-788319.0,0.0,0.0,-78945.0,-523551.0,63000.0,-1362081.0,0.0,-7133714.0,145586.0
0.0,0.0,0.0,0.0,181235968980.0,0.0,0.0,-112098386202.0,352819096025.0,0.0,-181235968980.0,-206028824892.0,8958554000.0,0.0,0.0,-3090910812775.0,0.0
0.0,0.0,0.0,4008956.0,1285344.0,0.0,0.0,-150156.0,-310971.0,0.0,-1285344.0,0.0,12000.0,-2280454.0,0.0,0.0,0.0
0.0,0.0,0.0,0.0,0.0,0.0,151792.0,-150156.0,0.0,0.0,0.0,-185288.0,12000.0,-307308.0,216620.0,-3086835.0,0.0
0.0,9.0,0.0,32.0,12.0,0.0,0.0,0.0,0.0,0.0,-12.0,0.0,0.0,-16.0,0.0,-24.0,0.0
0.0,0.0,0.0,0.0,0.0,0.0,3075586.0,-1501560.0,0.0,0.0,0.0,-5576746.0,120000.0,2816986.0,0.0,-57748213.0,0.0
0.0,0.0,0.0,0.0,0.0,0.0,-132538.0,-37539.0,-53762.0,0.0,0.0,-34151.0,3000.0,-38207.0,3364.0,-47937.0,0.0
0.0,3.0,0.0,176.0,6.0,0.0,240.0,0.0,0.0,0.0,-6.0,0.0,0.0,-88.0,0.0,-96.0,0.0
0.0,0.0,0.0,0.0,0.0,0.0,5846048.0,-1351404.0,0.0,0.0,0.0,-4602712.0,108000.0,-1375452.0,3494380.0,-49794915.0,0.0
0.0,0.0,0.0,1037710.0,0.0,0.0,0.0,-563085.0,0.0,121888.0,0.0,0.0,45000.0,-2050507.0,0.0,-4131778.0,84322.0
0.0,0.0,0.0,-367226.0,0.0,0.0,-370586.0,-187695.0,0.0,0.0,0.0,-231610.0,15000.0,-191035.0,261288.0,-3723354.0,0.0
170040.0,0.0,0.0,0.0,321336.0,0.0,-1369567.0,-37539.0,-34008.0,0.0,-321336.0,-46322.0,3000.0,-22672.0,0.0,0.0,0.0
0.0,0.0,0.0,11455133816.0,4460856235.0,0.0,0.0,-4413372639.0,0.0,0.0,-4460856235.0,-8012112845.0,352703000.0,-5826917657.0,0.0,-32737175092.0,0.0
60.0,0.0,0.0,0.0,0.0,0.0,0.0,0.0,0.0,0.0,0.0,4.0,0.0,-8.0,4.0,-121.0,0.0
0.0,0.0,0.0,6.0,0.0,12.0,0.0,0.0,0.0,0.0,0.0,-3.0,0.0,0.0,0.0,-20.0,0.0
60.0,3.0,0.0,32.0,6.0,0.0,0.0,0.0,0.0,8.0,-6.0,0.0,0.0,-32.0,0.0,-96.0,0.0
20.0,0.0,0.0,0.0,0.0,0.0,-5.0,0.0,0.0,1.0,0.0,2.0,0.0,-4.0,0.0,-32.0,0.0
40.0,0.0,0.0,0.0,10.0,0.0,0.0,0.0,13.0,0.0,-10.0,-14.0,0.0,14.0,0.0,-287.0,0.0
0.0,0.0,0.0,0.0,98458742856.0,0.0,-414432169925.0,-12365434191.0,0.0,0.0,-98458742856.0,0.0,988207000.0,-22726784586.0,0.0,-27150070419.0,0.0
15.0,1.0,0.0,0.0,2.0,0.0,-6.0,0.0,0.0,0.0,-2.0,-2.0,0.0,2.0,0.0,-41.0,0.0
60.0,0.0,0.0,8.0,0.0,0.0,0.0,0.0,0.0,8.0,0.0,0.0,0.0,-32.0,12.0,-171.0,0.0
0.0,0.0,0.0,0.0,0.0,0.0,0.0,-21748795248.0,0.0,3745596880.0,0.0,-47463925568.0,1738096000.0,0.0,0.0,-296210990909.0,0.0
0.0,0.0,0.0,0.0,0.0,0.0,-1711586.0,-750780.0,-1075793.0,0.0,0.0,-1690580.0,60000.0,310700.0,0.0,-6369350.0,0.0
550158.0,0.0,0.0,0.0,0.0,0.0,-293196.0,-112617.0,0.0,0.0,0.0,0.0,9000.0,-312591.0,0.0,-1724947.0,35203.0
60.0,3.0,0.0,16.0,6.0,0.0,0.0,0.0,0.0,0.0,-6.0,0.0,0.0,-8.0,0.0,-96.0,0.0
0.0,45.0,0.0,340.0,60.0,0.0,0.0,0.0,0.0,88.0,-60.0,0.0,0.0,-352.0,0.0,-98.0,2.0
0.0,0.0,0.0,390864664.0,11820765.0,0.0,537513240.0,-900936.0,0.0,0.0,-11820765.0,0.0,72000.0,-197088188.0,0.0,-215005296.0,0.0
0.0,9.0,0.0,0.0,12.0,0.0,0.0,0.0,16.0,0.0,-12.0,-16.0,0.0,16.0,0.0,-344.0,0.0
0.0,0.0,0.0,6.0,0.0,0.0,12.0,0.0,0.0,0.0,0.0,-3.0,0.0,0.0,0.0,-20.0,0.0
0.0,0.0,0.0,0.0,0.0,0.0,-2880002.0,-750780.0,-1571931.0,0.0,0.0,-1447160.0,60000.0,0.0,67280.0,-958740.0,0.0
0.0,0.0,0.0,0.0,31522040.0,0.0,-153165675.0,-2402496.0,0.0,58909875.0,-31522040.0,-153653966.0,192000.0,31418600.0,0.0,-644081300.0,0.0
0.0,0.0,0.0,80.0,0.0,186.0,0.0,0.0,0.0,0.0,0.0,-66.0,0.0,26.0,0.0,-533.0,0.0
0.0,0.0,0.0,1783810.0,0.0,0.0,0.0,-150156.0,0.0,1257718.0,0.0,-1347555.0,12000.0,-2335762.0,0.0,-4722162.0,0.0
0.0,0.0,0.0,0.0,14615120.0,0.0,0.0,-25976988.0,0.0,0.0,-14615120.0,-61517576.0,2076000.0,-26439244.0,40212972.0,-573034851.0,0.0
30.0,0.0,0.0,8.0,3.0,0.0,0.0,0.0,0.0,0.0,-3.0,0.0,0.0,-4.0,0.0,-48.0,0.0
0.0,0.0,0.0,-1202490.0,0.0,0.0,0.0,-13964508.0,0.0,0.0,0.0,-41714304.0,1116000.0,0.0,0.0,-271946423.0,5549927.0
0.0,22998.0,0.0,0.0,45996.0,0.0,0.0,-25026.0,89837.0,0.0,-45996.0,-45996.0,2000.0,0.0,0.0,-787027.0,0.0
0.0,2761329.0,0.0,0.0,5522658.0,0.0,-20539032.0,-9009360.0,0.0,0.0,-5522658.0,-25809618.0,720000.0,0.0,0.0,-151100614.0,3083686.0
0.0,0.0,0.0,82.0,0.0,0.0,120.0,0.0,0.0,0.0,0.0,3.0,0.0,-44.0,0.0,-48.0,0.0
0.0,91992.0,0.0,0.0,183984.0,0.0,-1167881.0,-100104.0,0.0,449185.0,-183984.0,-1082354.0,8000.0,0.0,0.0,-3148108.0,0.0
105.0,0.0,0.0,0.0,10.0,0.0,-26.0,0.0,0.0,0.0,-10.0,-14.0,0.0,14.0,0.0,-287.0,0.0
0.0,0.0,0.0,183386.0,0.0,0.0,-121888.0,-187695.0,0.0,0.0,0.0,84322.0,15000.0,-520985.0,0.0,-1349152.0,0.0
0.0,0.0,0.0,4.0,0.0,6.0,0.0,0.0,0.0,0.0,0.0,0.0,0.0,-2.0,0.0,-3.0,0.0
449185.0,0.0,0.0,0.0,0.0,0.0,-110680.0,-25026.0,0.0,22998.0,0.0,0.0,2000.0,-91992.0,0.0,-787027.0,0.0
0.0,0.0,0.0,9884402.0,3534696.0,0.0,0.0,-412929.0,0.0,0.0,-3534696.0,0.0,33000.0,-5701135.0,0.0,-6219420.0,0.0
0.0,0.0,0.0,-86012509456.0,0.0,0.0,-153763751482.0,-106033985778.0,0.0,0.0,0.0,-151876635460.0,8473906000.0,0.0,0.0,-1213472070761.0,0.0
0.0,0.0,0.0,152.0,0.0,240.0,0.0,0.0,0.0,0.0,0.0,0.0,0.0,-88.0,12.0,-171.0,0.0
0.0,0.0,0.0,0.0,0.0,0.0,-761273.0,-187695.0,-273484.0,0.0,0.0,-98340.0,15000.0,-246630.0,0.0,0.0,0.0
0.0,0.0,0.0,7395970.0,2570688.0,0.0,0.0,-300312.0,0.0,0.0,-2570688.0,310971.0,24000.0,-4560908.0,0.0,-4975536.0,0.0
915593.0,0.0,0.0,0.0,642672.0,0.0,-2695746.0,-75078.0,0.0,0.0,-642672.0,0.0,6000.0,-137988.0,0.0,-1482304.0,0.0
0.0,0.0,0.0,0.0,8783184.0,0.0,-39739610.0,-1026066.0,0.0,1011912.0,-8783184.0,0.0,82000.0,-4047648.0,137988.0,-1966329.0,0.0
15275883480.0,0.0,0.0,0.0,6697606248.0,0.0,-28545884981.0,-1633509585.0,0.0,0.0,-6697606248.0,-965489446.0,130545000.0,-2036784464.0,0.0,-26765214216.0,0.0
0.0,0.0,0.0,0.0,0.0,0.0,0.0,-6982254.0,-601245.0,0.0,0.0,-20857152.0,558000.0,0.0,0.0,-131063044.0,2674756.0
0.0,0.0,0.0,-45344.0,321336.0,0.0,-1369567.0,-37539.0,0.0,0.0,-321336.0,-46322.0,3000.0,0.0,0.0,0.0,0.0
0.0,0.0,0.0,7854650.0,3940255.0,0.0,0.0,-300312.0,0.0,0.0,-3940255.0,-4479277.0,24000.0,0.0,0.0,0.0,0.0
0.0,0.0,0.0,3137830.0,0.0,0.0,0.0,-75078.0,0.0,1527229.0,0.0,0.0,6000.0,-4761361.0,0.0,-2361081.0,0.0
0.0,0.0,0.0,92134469810.0,0.0,0.0,0.0,-63247321377.0,0.0,10950052256.0,0.0,0.0,5054529000.0,-184211397359.0,0.0,-398182144164.0,0.0
0.0,0.0,0.0,0.0,43342805.0,16558560.0,0.0,-3303432.0,97716166.0,0.0,-43342805.0,0.0,264000.0,-6071472.0,0.0,-788352752.0,0.0
0.0,0.0,0.0,0.0,37835.0,0.0,-310050.0,-187695.0,0.0,0.0,-37835.0,-284579.0,15000.0,-191035.0,0.0,-2133852.0,43548.0
0.0,0.0,0.0,-12575448.0,0.0,0.0,-11520008.0,-3003120.0,0.0,0.0,0.0,-5788640.0,240000.0,0.0,6556844.0,-93435027.0,0.0
0.0,0.0,0.0,-1035263642.0,0.0,0.0,-7137369976.0,-4413372639.0,0.0,0.0,0.0,-1766914116.0,352703000.0,-5826917657.0,0.0,-32737175092.0,0.0
0.0,0.0,0.0,-880538.0,0.0,0.0,-2078496.0,-375390.0,0.0,0.0,0.0,-196680.0,30000.0,-382070.0,0.0,-5374957.0,109693.0
78546500.0,0.0,0.0,0.0,15761020.0,0.0,-31418600.0,-1201248.0,0.0,0.0,-15761020.0,-17917108.0,96000.0,0.0,15709300.0,-223857525.0,0.0
0.0,0.0,0.0,0.0,229980.0,367968.0,0.0,-175182.0,628859.0,0.0,-229980.0,-321972.0,14000.0,0.0,0.0,-5509189.0,0.0
0.0,3.0,0.0,0.0,4.0,0.0,0.0,0.0,0.0,0.0,-4.0,0.0,0.0,-16.0,16.0,-228.0,0.0
0.0,0.0,0.0,0.0,1285344.0,0.0,-5478268.0,-150156.0,0.0,96356.0,-1285344.0,-185288.0,12000.0,-300404.0,17004.0,-242307.0,0.0
0.0,0.0,0.0,13406590.0,5839405.0,0.0,0.0,-800832.0,0.0,3593480.0,-5839405.0,-15362127.0,64000.0,0.0,0.0,-25184864.0,0.0
0.0,0.0,0.0,7629680.0,0.0,5390220.0,0.0,-75078.0,0.0,1976414.0,0.0,0.0,6000.0,-7905656.0,0.0,-2361081.0,0.0
0.0,0.0,0.0,0.0,14780170656.0,0.0,0.0,-28535320902.0,92660503492.0,26222940546.0,-14780170656.0,0.0,2280454000.0,-104891762184.0,0.0,-843089294291.0,0.0
0.0,0.0,0.0,44.0,0.0,0.0,60.0,0.0,-3.0,0.0,0.0,0.0,0.0,-22.0,0.0,0.0,0.0
0.0,0.0,0.0,0.0,0.0,0.0,-18171992863.0,-23400949203.0,0.0,0.0,0.0,-20807147570.0,1870131000.0,-22202125168.0,0.0,-205640710776.0,0.0
0.0,0.0,0.0,-203356.0,0.0,0.0,-736177.0,-187695.0,0.0,0.0,0.0,118498.0,15000.0,-361790.0,0.0,-1895968.0,0.0
0.0,0.0,0.0,106863214.0,38560320.0,0.0,0.0,-4504680.0,0.0,0.0,-38560320.0,-1449939.0,360000.0,-60260948.0,0.0,-65739216.0,0.0
0.0,0.0,0.0,0.0,4391592.0,0.0,-18489925.0,-513033.0,0.0,0.0,-4391592.0,0.0,41000.0,-1011912.0,0.0,-1126902.0,22998.0
0.0,0.0,0.0,0.0,0.0,0.0,-211679.0,-187695.0,0.0,0.0,0.0,-231610.0,15000.0,-244004.0,0.0,-2133852.0,43548.0
60.0,0.0,0.0,0.0,0.0,0.0,-15.0,0.0,0.0,3.0,0.0,0.0,0.0,-12.0,0.0,-98.0,2.0
0.0,0.0,0.0,6728.0,0.0,0.0,-132538.0,-37539.0,-57126.0,0.0,0.0,-34151.0,3000.0,-38207.0,0.0,0.0,0.0
0.0,0.0,0.0,-206738044064.0,0.0,0.0,-394046103858.0,-112820136042.0,0.0,0.0,0.0,-103986327500.0,9016234000.0,0.0,0.0,-1426885460189.0,0.0
20.0,1.0,0.0,0.0,2.0,0.0,-8.0,0.0,0.0,0.0,-2.0,0.0,0.0,0.0,0.0,-32.0,0.0
60.0,0.0,0.0,26.0,15.0,0.0,0.0,0.0,0.0,0.0,-15.0,-21.0,0.0,8.0,0.0,-164.0,0.0
180.0,0.0,0.0,0.0,0.0,0.0,0.0,0.0,0.0,0.0,0.0,0.0,0.0,-24.0,12.0,-367.0,4.0
0.0,0.0,0.0,-2900644.0,0.0,0.0,-6198753.0,-300312.0,0.0,449185.0,0.0,0.0,24000.0,0.0,0.0,-9444324.0,0.0
0.0,1537793.0,0.0,0.0,3075586.0,0.0,0.0,-6982254.0,0.0,0.0,-3075586.0,-23932738.0,558000.0,11099854.0,0.0,-227547007.0,0.0
0.0,0.0,0.0,423358.0,0.0,0.0,0.0,-563085.0,0.0,0.0,0.0,-694830.0,45000.0,-943691.0,0.0,-6401556.0,130644.0
420.0,0.0,0.0,0.0,20.0,32.0,0.0,0.0,0.0,0.0,-20.0,-28.0,0.0,-56.0,84.0,-1197.0,0.0
0.0,0.0,0.0,31791688.0,5141376.0,0.0,0.0,-600624.0,0.0,9121816.0,-5141376.0,0.0,48000.0,-36487264.0,1243884.0,-17725347.0,0.0
0.0,93.0,0.0,144.0,124.0,0.0,0.0,0.0,0.0,0.0,-124.0,-176.0,0.0,0.0,104.0,-1482.0,0.0
16.0,0.0,0.0,-4.0,0.0,0.0,-9.0,0.0,0.0,1.0,0.0,0.0,0.0,0.0,0.0,-32.0,0.0
172485.0,0.0,0.0,0.0,107112.0,0.0,-518285.0,-12513.0,-34497.0,0.0,-107112.0,0.0,1000.0,-22998.0,0.0,0.0,0.0
0.0,0.0,0.0,0.0,3534696.0,0.0,-14725157.0,-412929.0,-17004.0,124696.0,-3534696.0,-509542.0,33000.0,-498784.0,0.0,0.0,0.0
0.0,0.0,0.0,0.0,0.0,0.0,0.0,0.0,0.0,0.0,0.0,0.0,0.0,0.0,0.0,-1.0,0.0
0.0,3.0,0.0,0.0,6.0,0.0,0.0,0.0,12.0,0.0,-6.0,-6.0,0.0,0.0,0.0,-98.0,2.0
0.0,9.0,0.0,0.0,12.0,0.0,0.0,0.0,16.0,0.0,-12.0,0.0,0.0,-16.0,16.0,-252.0,0.0
0.0,0.0,0.0,-1103904.0,3940255.0,0.0,0.0,-300312.0,8958554.0,0.0,-3940255.0,0.0,24000.0,0.0,0.0,-71668432.0,0.0
30.0,0.0,0.0,0.0,0.0,0.0,0.0,0.0,-2.0,0.0,0.0,0.0,0.0,-4.0,4.0,-57.0,0.0
0.0,0.0,0.0,0.0,0.0,0.0,689940.0,-275286.0,953710.0,252978.0,0.0,0.0,22000.0,-1011912.0,0.0,-8657297.0,0.0
210.0,0.0,0.0,56.0,15.0,24.0,0.0,0.0,0.0,0.0,-15.0,0.0,0.0,-28.0,0.0,-336.0,0.0
0.0,0.0,0.0,0.0,2035128.0,0.0,-9709427.0,-237747.0,0.0,390966.0,-2035128.0,0.0,19000.0,-1218894.0,0.0,-551952.0,0.0
0.0,0.0,0.0,-91992.0,0.0,0.0,0.0,-25026.0,89837.0,0.0,0.0,0.0,2000.0,0.0,0.0,-787027.0,0.0
0.0,0.0,0.0,1190070.0,228540.0,0.0,0.0,-563085.0,0.0,0.0,-228540.0,-319956.0,45000.0,-1562955.0,0.0,-4131778.0,84322.0
0.0,0.0,0.0,170104.0,49655.0,0.0,0.0,-37539.0,-41596.0,0.0,-49655.0,-89185.0,3000.0,-64861.0,0.0,0.0,0.0
30.0,0.0,0.0,2.0,0.0,0.0,0.0,0.0,0.0,0.0,0.0,0.0,0.0,-4.0,0.0,-49.0,1.0
0.0,0.0,0.0,0.0,29560341312.0,0.0,0.0,-28535320902.0,82886433985.0,0.0,-29560341312.0,0.0,2280454000.0,-52445881092.0,0.0,-788789153453.0,0.0
30.0,0.0,0.0,2.0,0.0,0.0,0.0,0.0,0.0,0.0,0.0,3.0,0.0,-4.0,0.0,-48.0,0.0
10.0,0.0,0.0,-2.0,0.0,0.0,-4.0,0.0,0.0,0.0,0.0,1.0,0.0,0.0,0.0,-16.0,0.0
0.0,1.0,0.0,0.0,2.0,0.0,0.0,0.0,3.0,0.0,-2.0,-2.0,0.0,2.0,0.0,-41.0,0.0
0.0,0.0,0.0,0.0,0.0,62.0,0.0,0.0,20.0,0.0,0.0,-22.0,0.0,22.0,0.0,-451.0,0.0
0.0,0.0,0.0,0.0,0.0,0.0,-891666.0,-412929.0,0.0,0.0,0.0,0.0,33000.0,-962781.0,0.0,-3329501.0,67949.0
0.0,0.0,0.0,0.0,0.0,0.0,-3654290208.0,-2115422754.0,-517631821.0,0.0,0.0,-904649328.0,169058000.0,-2983346556.0,0.0,-12226464445.0,0.0
0.0,0.0,0.0,0.0,3427584.0,0.0,-16585120.0,-400416.0,0.0,781932.0,-3427584.0,0.0,32000.0,-2437788.0,137988.0,-1966329.0,0.0
9.0,0.0,0.0,0.0,0.0,8.0,0.0,0.0,0.0,0.0,0.0,-4.0,0.0,0.0,4.0,-57.0,0.0
919920.0,0.0,0.0,0.0,229980.0,0.0,0.0,-175182.0,444875.0,0.0,-229980.0,-321972.0,14000.0,0.0,0.0,-5509189.0,0.0
0.0,0.0,0.0,-307870.0,0.0,0.0,-1589952.0,-187695.0,-407751.0,0.0,0.0,0.0,15000.0,-191035.0,0.0,0.0,0.0
0.0,1075793.0,0.0,0.0,2151586.0,0.0,-5134758.0,-2252340.0,0.0,0.0,-2151586.0,-7223326.0,180000.0,3083686.0,0.0,-63215563.0,0.0
0.0,0.0,0.0,0.0,0.0,0.0,1425876.0,-275286.0,689233.0,0.0,0.0,-505956.0,22000.0,0.0,0.0,-8657297.0,0.0
0.0,0.0,0.0,0.0,10880340398895.0,0.0,-40331726924700.0,-18520602615648.0,0.0,0.0,-10880340398895.0,-52205500070133.0,1480108896000.0,0.0,0.0,-296710609438775.0,6055318559975.0
0.0,0.0,0.0,0.0,0.0,0.0,-238344.0,-112617.0,-31578.0,0.0,0.0,-59004.0,9000.0,-194583.0,0.0,-761215.0,15535.0
0.0,7491193760.0,0.0,0.0,14982387520.0,0.0,0.0,-347980723968.0,0.0,0.0,-14982387520.0,-639563708928.0,27809536000.0,0.0,0.0,-4367942397029.0,0.0
0.0,0.0,0.0,0.0,0.0,0.0,-121888.0,-187695.0,183386.0,0.0,0.0,176015.0,15000.0,-520985.0,0.0,-2816240.0,0.0
651.0,0.0,0.0,0.0,20.0,0.0,32.0,0.0,0.0,0.0,-20.0,-112.0,0.0,112.0,0.0,-2296.0,0.0
0.0,45.0,0.0,352.0,60.0,0.0,0.0,0.0,-12.0,88.0,-60.0,0.0,0.0,-352.0,0.0,0.0,0.0
0.0,0.0,0.0,-499895291064.0,0.0,0.0,-976369537858.0,-135994212042.0,0.0,0.0,0.0,0.0,10868234000.0,0.0,0.0,-2155672462189.0,0.0
0.0,0.0,0.0,0.0,62212686195.0,0.0,-936054349800.0,-447025185693.0,0.0,0.0,-62212686195.0,-302451188853.0,35724861000.0,-764190680475.0,0.0,-4002344762150.0,81680505350.0
0.0,0.0,0.0,0.0,0.0,0.0,0.0,0.0,-1.0,0.0,0.0,-2.0,0.0,2.0,0.0,-41.0,0.0
0.0,0.0,0.0,3676852.0,0.0,5390220.0,0.0,-75078.0,0.0,0.0,0.0,0.0,6000.0,-1976414.0,0.0,-2361081.0,0.0
1347555.0,0.0,0.0,83372.0,0.0,0.0,0.0,-75078.0,0.0,0.0,0.0,0.0,6000.0,-179674.0,0.0,-2361081.0,0.0
0.0,0.0,0.0,0.0,3534696.0,0.0,-12995417.0,-412929.0,915593.0,0.0,-3534696.0,0.0,33000.0,-758934.0,0.0,-8152672.0,0.0
0.0,0.0,0.0,44.0,0.0,60.0,0.0,0.0,-3.0,0.0,0.0,0.0,0.0,-22.0,0.0,0.0,0.0
0.0,0.0,0.0,-10080227746.0,0.0,0.0,-33292334482.0,-23400949203.0,0.0,0.0,0.0,-20807147570.0,1870131000.0,-17162011295.0,0.0,-205640710776.0,0.0
0.0,1461512.0,0.0,0.0,2923024.0,0.0,0.0,-4654836.0,0.0,0.0,-2923024.0,-11631640.0,372000.0,-4737668.0,7814052.0,-111350241.0,0.0
93.0,2.0,0.0,0.0,4.0,0.0,0.0,0.0,0.0,0.0,-4.0,-16.0,0.0,16.0,0.0,-328.0,0.0
0.0,0.0,0.0,0.0,0.0,0.0,0.0,-563085.0,1037710.0,121888.0,0.0,771821.0,45000.0,-2050507.0,0.0,-12349136.0,0.0
651.0,0.0,0.0,0.0,20.0,32.0,0.0,0.0,0.0,0.0,-20.0,-112.0,0.0,112.0,0.0,-2296.0,0.0
60.0,0.0,0.0,-8.0,0.0,0.0,0.0,0.0,0.0,0.0,0.0,0.0,0.0,-8.0,12.0,-171.0,0.0
0.0,0.0,0.0,0.0,263174184.0,0.0,-2207819653.0,-1469614311.0,0.0,0.0,-263174184.0,0.0,117447000.0,-3993871010.0,1292824904.0,-18422754882.0,0.0
15.0,0.0,0.0,0.0,0.0,0.0,0.0,0.0,1.0,2.0,0.0,0.0,0.0,-8.0,4.0,-57.0,0.0
0.0,0.0,0.0,82.0,0.0,0.0,120.0,0.0,0.0,0.0,0.0,0.0,0.0,-44.0,0.0,-49.0,1.0
70.0,0.0,0.0,0.0,5.0,0.0,-20.0,0.0,0.0,0.0,-5.0,0.0,0.0,0.0,0.0,-112.0,0.0
